[{"field":"pre-procurement-demo-dips/vital_parameters@Vital parameters/puls_hjärtfrekvens/ospecificerad_händelse/regelbunden","conditions":[{"operator":"equals","value":{"code":"at1028"},"actions":[{"action":"show","target":"pre-procurement-demo-dips/vital_parameters@Vital parameters/puls_hjärtfrekvens/ospecificerad_händelse/oregelbunden_typ"},{"action":"setOccurrences","target":"pre-procurement-demo-dips/vital_parameters@Vital parameters/puls_hjärtfrekvens/ospecificerad_händelse/oregelbunden_typ","value":{"value":"1..1"}}]},{"operator":"notequals","value":{"code":"at1028"},"actions":[{"action":"hide","target":"pre-procurement-demo-dips/vital_parameters@Vital parameters/puls_hjärtfrekvens/ospecificerad_händelse/oregelbunden_typ"},{"action":"clear","target":"pre-procurement-demo-dips/vital_parameters@Vital parameters/puls_hjärtfrekvens/ospecificerad_händelse/oregelbunden_typ"},{"action":"setOccurrences","target":"pre-procurement-demo-dips/vital_parameters@Vital parameters/puls_hjärtfrekvens/ospecificerad_händelse/oregelbunden_typ","value":{"value":"0..1"}}]}]},{"field":"pre-procurement-demo-dips/news/tidpunkt/totalpoäng_(news)","conditions":[{"operator":"le","value":{"value":"4"},"actions":[{"action":"set","target":"pre-procurement-demo-dips/news/tidpunkt/klinisk_riskkategori","value":{"code":"at0048"}}]},{"operator":"gt","value":{"value":"4"},"actions":[{"action":"set","target":"pre-procurement-demo-dips/news/tidpunkt/klinisk_riskkategori","value":{"code":"at0050"}}]},{"operator":"gt","value":{"value":"6"},"actions":[{"action":"set","target":"pre-procurement-demo-dips/news/tidpunkt/klinisk_riskkategori","value":{"code":"at0051"}}]}]},{"field":"pre-procurement-demo-dips/vital_parameters@Vital parameters/pulsoximetri/ospecificerad_händelse/tillfört_syre/enbart_luft","conditions":[{"operator":"is","value":{"value":"True"},"actions":[{"action":"hide","target":"pre-procurement-demo-dips/vital_parameters@Vital parameters/pulsoximetri/ospecificerad_händelse/tillfört_syre/flödeshastighet"},{"action":"clear","target":"pre-procurement-demo-dips/vital_parameters@Vital parameters/pulsoximetri/ospecificerad_händelse/tillfört_syre/flödeshastighet"},{"action":"setOccurrences","target":"pre-procurement-demo-dips/vital_parameters@Vital parameters/pulsoximetri/ospecificerad_händelse/tillfört_syre/flödeshastighet","value":{"value":"0..1"}}]},{"operator":"isnot","value":{"value":"True"},"actions":[{"action":"show","target":"pre-procurement-demo-dips/vital_parameters@Vital parameters/pulsoximetri/ospecificerad_händelse/tillfört_syre/flödeshastighet"},{"action":"setOccurrences","target":"pre-procurement-demo-dips/vital_parameters@Vital parameters/pulsoximetri/ospecificerad_händelse/tillfört_syre/flödeshastighet","value":{"value":"1..1"}}]}]},{"field":"pre-procurement-demo-dips/vital_parameters@Vital parameters/andning/ospecificerad_händelse/tillfört_syre/enbart_luft","conditions":[{"operator":"is","value":{"value":"True"},"actions":[{"action":"hide","target":"pre-procurement-demo-dips/vital_parameters@Vital parameters/andning/ospecificerad_händelse/tillfört_syre/flödeshastighet"},{"action":"clear","target":"pre-procurement-demo-dips/vital_parameters@Vital parameters/andning/ospecificerad_händelse/tillfört_syre/flödeshastighet"},{"action":"setOccurrences","target":"pre-procurement-demo-dips/vital_parameters@Vital parameters/andning/ospecificerad_händelse/tillfört_syre/flödeshastighet","value":{"value":"0..1"}}]},{"operator":"isnot","value":{"value":"True"},"actions":[{"action":"show","target":"pre-procurement-demo-dips/vital_parameters@Vital parameters/andning/ospecificerad_händelse/tillfört_syre/flödeshastighet"},{"action":"setOccurrences","target":"pre-procurement-demo-dips/vital_parameters@Vital parameters/andning/ospecificerad_händelse/tillfört_syre/flödeshastighet","value":{"value":"1..1"}}]}]},{"field":"pre-procurement-demo-dips/vital_parameters@Vital parameters/andning/ospecificerad_händelse/förekomst","conditions":[{"operator":"equals","value":{"code":"at0063"},"actions":[{"action":"show","target":"pre-procurement-demo-dips/vital_parameters@Vital parameters/andning/ospecificerad_händelse/frekvens"},{"action":"setOccurrences","target":"pre-procurement-demo-dips/vital_parameters@Vital parameters/andning/ospecificerad_händelse/frekvens","value":{"value":"1..1"}}]},{"operator":"notequals","value":{"code":"at0063"},"actions":[{"action":"hide","target":"pre-procurement-demo-dips/vital_parameters@Vital parameters/andning/ospecificerad_händelse/frekvens"},{"action":"clear","target":"pre-procurement-demo-dips/vital_parameters@Vital parameters/andning/ospecificerad_händelse/frekvens"},{"action":"setOccurrences","target":"pre-procurement-demo-dips/vital_parameters@Vital parameters/andning/ospecificerad_händelse/frekvens","value":{"value":"0..1"}}]}]}]