[{"col":1,"row":1,"width":12,"height":164,"children":[{"id":"pre-procurement-demo","rows":[{"cols":[{"width":"100%","children":[{"id":"pre-procurement-demo/start_time","rows":[]},{"id":"pre-procurement-demo/end_time","rows":[]},{"id":"pre-procurement-demo/problem_diagnosis","rows":[{"cols":[{"width":"100%","children":[{"id":"pre-procurement-demo/problem_diagnosis/traumatic_injury@Traumatic injury","rows":[]},{"id":"pre-procurement-demo/problem_diagnosis/clinical_description","rows":[]},{"id":"pre-procurement-demo/problem_diagnosis/body_site","rows":[]},{"id":"pre-procurement-demo/problem_diagnosis/date_time_of_injury@Date/time of injury","rows":[]},{"id":"pre-procurement-demo/problem_diagnosis/multimedia_resource","rows":[{"cols":[{"width":"100%","children":[{"id":"pre-procurement-demo/problem_diagnosis/multimedia_resource/name","rows":[]},{"id":"pre-procurement-demo/problem_diagnosis/multimedia_resource/description","rows":[]},{"id":"pre-procurement-demo/problem_diagnosis/multimedia_resource/multimedia","rows":[]},{"id":"pre-procurement-demo/problem_diagnosis/multimedia_resource/url","rows":[]},{"id":"pre-procurement-demo/problem_diagnosis/multimedia_resource/source","rows":[]},{"id":"pre-procurement-demo/problem_diagnosis/multimedia_resource/author","rows":[]},{"id":"pre-procurement-demo/problem_diagnosis/multimedia_resource/date_created","rows":[]},{"id":"pre-procurement-demo/problem_diagnosis/multimedia_resource/date_published","rows":[]},{"id":"pre-procurement-demo/problem_diagnosis/multimedia_resource/version","rows":[]}]}]}]},{"id":"pre-procurement-demo/problem_diagnosis/other_participations","rows":[{"cols":[{"width":"100%","children":[{"id":"pre-procurement-demo/problem_diagnosis/other_participations/function","rows":[]},{"id":"pre-procurement-demo/problem_diagnosis/other_participations/performer","rows":[]},{"id":"pre-procurement-demo/problem_diagnosis/other_participations/mode","rows":[]},{"id":"pre-procurement-demo/problem_diagnosis/other_participations/time","rows":[{"cols":[{"width":"100%","children":[{"id":"pre-procurement-demo/problem_diagnosis/other_participations/time/upper"},{"id":"pre-procurement-demo/problem_diagnosis/other_participations/time/lower"}]}]}]}]}]}]},{"id":"pre-procurement-demo/problem_diagnosis/other_participations/provider","rows":[]}]}]}]},{"id":"pre-procurement-demo/vital_parameters@Vital parameters","rows":[{"cols":[{"width":"100%","children":[{"id":"pre-procurement-demo/vital_parameters@Vital parameters/pulse_oximetry","rows":[{"cols":[{"width":"100%","children":[{"id":"pre-procurement-demo/vital_parameters@Vital parameters/pulse_oximetry/event_series/origin","rows":[]},{"id":"pre-procurement-demo/vital_parameters@Vital parameters/pulse_oximetry/any_event","rows":[{"cols":[{"width":"100%","children":[{"id":"pre-procurement-demo/vital_parameters@Vital parameters/pulse_oximetry/any_event/spo₂","rows":[]},{"id":"pre-procurement-demo/vital_parameters@Vital parameters/pulse_oximetry/any_event/inspired_oxygen","rows":[{"cols":[{"width":"100%","children":[{"id":"pre-procurement-demo/vital_parameters@Vital parameters/pulse_oximetry/any_event/inspired_oxygen/flow_rate","rows":[]},{"id":"pre-procurement-demo/vital_parameters@Vital parameters/pulse_oximetry/any_event/inspired_oxygen/on_air","rows":[]}]}]}]},{"id":"pre-procurement-demo/vital_parameters@Vital parameters/pulse_oximetry/any_event/time","rows":[]}]}]}]},{"id":"pre-procurement-demo/vital_parameters@Vital parameters/pulse_oximetry/sensor_site","rows":[]},{"id":"pre-procurement-demo/vital_parameters@Vital parameters/pulse_oximetry/other_participations","rows":[{"cols":[{"width":"100%","children":[{"id":"pre-procurement-demo/vital_parameters@Vital parameters/pulse_oximetry/other_participations/function","rows":[]},{"id":"pre-procurement-demo/vital_parameters@Vital parameters/pulse_oximetry/other_participations/performer","rows":[]},{"id":"pre-procurement-demo/vital_parameters@Vital parameters/pulse_oximetry/other_participations/mode","rows":[]},{"id":"pre-procurement-demo/vital_parameters@Vital parameters/pulse_oximetry/other_participations/time","rows":[{"cols":[{"width":"100%","children":[{"id":"pre-procurement-demo/vital_parameters@Vital parameters/pulse_oximetry/other_participations/time/upper"},{"id":"pre-procurement-demo/vital_parameters@Vital parameters/pulse_oximetry/other_participations/time/lower"}]}]}]}]}]}]},{"id":"pre-procurement-demo/vital_parameters@Vital parameters/pulse_oximetry/other_participations/provider","rows":[]}]}]}]},{"id":"pre-procurement-demo/vital_parameters@Vital parameters/respiration","rows":[{"cols":[{"width":"100%","children":[{"id":"pre-procurement-demo/vital_parameters@Vital parameters/respiration/history/origin","rows":[]},{"id":"pre-procurement-demo/vital_parameters@Vital parameters/respiration/any_event","rows":[{"cols":[{"width":"100%","children":[{"id":"pre-procurement-demo/vital_parameters@Vital parameters/respiration/any_event/presence","rows":[]},{"id":"pre-procurement-demo/vital_parameters@Vital parameters/respiration/any_event/rate","rows":[]},{"id":"pre-procurement-demo/vital_parameters@Vital parameters/respiration/any_event/inspired_oxygen","rows":[{"cols":[{"width":"100%","children":[{"id":"pre-procurement-demo/vital_parameters@Vital parameters/respiration/any_event/inspired_oxygen/flow_rate","rows":[]},{"id":"pre-procurement-demo/vital_parameters@Vital parameters/respiration/any_event/inspired_oxygen/on_air","rows":[]}]}]}]},{"id":"pre-procurement-demo/vital_parameters@Vital parameters/respiration/any_event/time","rows":[]}]}]}]},{"id":"pre-procurement-demo/vital_parameters@Vital parameters/respiration/other_participations","rows":[{"cols":[{"width":"100%","children":[{"id":"pre-procurement-demo/vital_parameters@Vital parameters/respiration/other_participations/function","rows":[]},{"id":"pre-procurement-demo/vital_parameters@Vital parameters/respiration/other_participations/performer","rows":[]},{"id":"pre-procurement-demo/vital_parameters@Vital parameters/respiration/other_participations/mode","rows":[]},{"id":"pre-procurement-demo/vital_parameters@Vital parameters/respiration/other_participations/time","rows":[{"cols":[{"width":"100%","children":[{"id":"pre-procurement-demo/vital_parameters@Vital parameters/respiration/other_participations/time/upper"},{"id":"pre-procurement-demo/vital_parameters@Vital parameters/respiration/other_participations/time/lower"}]}]}]}]}]}]},{"id":"pre-procurement-demo/vital_parameters@Vital parameters/respiration/other_participations/provider","rows":[]}]}]}]},{"id":"pre-procurement-demo/vital_parameters@Vital parameters/pulse_heart_beat","rows":[{"cols":[{"width":"100%","children":[{"id":"pre-procurement-demo/vital_parameters@Vital parameters/pulse_heart_beat/history/origin","rows":[]},{"id":"pre-procurement-demo/vital_parameters@Vital parameters/pulse_heart_beat/any_event","rows":[{"cols":[{"width":"100%","children":[{"id":"pre-procurement-demo/vital_parameters@Vital parameters/pulse_heart_beat/any_event/rate","rows":[]},{"id":"pre-procurement-demo/vital_parameters@Vital parameters/pulse_heart_beat/any_event/regularity","rows":[]},{"id":"pre-procurement-demo/vital_parameters@Vital parameters/pulse_heart_beat/any_event/irregular_type","rows":[]},{"id":"pre-procurement-demo/vital_parameters@Vital parameters/pulse_heart_beat/any_event/time","rows":[]}]}]}]},{"id":"pre-procurement-demo/vital_parameters@Vital parameters/pulse_heart_beat/method","rows":[]},{"id":"pre-procurement-demo/vital_parameters@Vital parameters/pulse_heart_beat/body_site","rows":[{"cols":[{"width":"100%","children":[{"id":"pre-procurement-demo/vital_parameters@Vital parameters/pulse_heart_beat/body_site/value","rows":[]},{"id":"pre-procurement-demo/vital_parameters@Vital parameters/pulse_heart_beat/body_site/value2","rows":[]}]}]}]},{"id":"pre-procurement-demo/vital_parameters@Vital parameters/pulse_heart_beat/other_participations","rows":[{"cols":[{"width":"100%","children":[{"id":"pre-procurement-demo/vital_parameters@Vital parameters/pulse_heart_beat/other_participations/function","rows":[]},{"id":"pre-procurement-demo/vital_parameters@Vital parameters/pulse_heart_beat/other_participations/performer","rows":[]},{"id":"pre-procurement-demo/vital_parameters@Vital parameters/pulse_heart_beat/other_participations/mode","rows":[]},{"id":"pre-procurement-demo/vital_parameters@Vital parameters/pulse_heart_beat/other_participations/time","rows":[{"cols":[{"width":"100%","children":[{"id":"pre-procurement-demo/vital_parameters@Vital parameters/pulse_heart_beat/other_participations/time/upper"},{"id":"pre-procurement-demo/vital_parameters@Vital parameters/pulse_heart_beat/other_participations/time/lower"}]}]}]}]}]}]},{"id":"pre-procurement-demo/vital_parameters@Vital parameters/pulse_heart_beat/other_participations/provider","rows":[]}]}]}]}]}]}]},{"id":"pre-procurement-demo/news_(uk_rcp)","rows":[{"cols":[{"width":"100%","children":[{"id":"pre-procurement-demo/news_(uk_rcp)/event_series/origin","rows":[]},{"id":"pre-procurement-demo/news_(uk_rcp)/point_in_time","rows":[{"cols":[{"width":"100%","children":[{"id":"pre-procurement-demo/news_(uk_rcp)/point_in_time/respiration_rate","rows":[]},{"id":"pre-procurement-demo/news_(uk_rcp)/point_in_time/oxygen_saturation","rows":[]},{"id":"pre-procurement-demo/news_(uk_rcp)/point_in_time/supplemental_oxygen","rows":[]},{"id":"pre-procurement-demo/news_(uk_rcp)/point_in_time/heart_rate","rows":[]},{"id":"pre-procurement-demo/news_(uk_rcp)/point_in_time/total_score","rows":[]},{"id":"pre-procurement-demo/news_(uk_rcp)/point_in_time/clinical_risk_category","rows":[]},{"id":"pre-procurement-demo/news_(uk_rcp)/point_in_time/time","rows":[]}]}]}]},{"id":"pre-procurement-demo/news_(uk_rcp)/other_participations","rows":[{"cols":[{"width":"100%","children":[{"id":"pre-procurement-demo/news_(uk_rcp)/other_participations/function","rows":[]},{"id":"pre-procurement-demo/news_(uk_rcp)/other_participations/performer","rows":[]},{"id":"pre-procurement-demo/news_(uk_rcp)/other_participations/mode","rows":[]},{"id":"pre-procurement-demo/news_(uk_rcp)/other_participations/time","rows":[{"cols":[{"width":"100%","children":[{"id":"pre-procurement-demo/news_(uk_rcp)/other_participations/time/upper"},{"id":"pre-procurement-demo/news_(uk_rcp)/other_participations/time/lower"}]}]}]}]}]}]},{"id":"pre-procurement-demo/news_(uk_rcp)/other_participations/provider","rows":[]}]}]}]}]}]}]}]}]