{"name":"Form root","localizedNames":{},"localizedDescriptions":{},"rmType":"FORM_DEFINITION","min":0,"max":0,"formId":"form_root","viewConfig":{"label":{"custom":false,"useLocalizations":false},"size":{"field":"inherit","label":"inherit"},"layout":{"label":{"valign":"inherit","align":"inherit"},"field":{"valign":"inherit","align":"inherit"}},"annotations":{}},"children":[{"name":"pre-procurement-demo","localizedName":"pre-procurement-demo","localizedNames":{"en":"pre-procurement-demo","sv":"pre-procurement-demo"},"localizedDescriptions":{"en":"Interaction, contact or care event between a subject of care and healthcare provider(s).","sv":"Interaktion, kontakt eller vårdhändelse mellan vårdtagare och vårdgivare inom hälso- och sjukvården."},"rmType":"COMPOSITION","nodeId":"openEHR-EHR-COMPOSITION.encounter.v1","min":1,"max":1,"aqlPath":"/","inputs":[],"formId":"pre-procurement-demo","viewConfig":{"multiplicity":{"min":1,"max":1},"advanced":{"hidden":false,"readonly":false,"hideFrame":false,"render":false},"label":{"custom":false,"useLocalizations":false},"size":{"field":"inherit","label":"inherit"},"layout":{"label":{"valign":"inherit","align":"inherit"},"field":{"valign":"inherit","align":"inherit"}},"annotations":{},"field":{}},"children":[{"name":"Start time","localizedName":"Start time","localizedNames":{"en":"Start time","sv":"*Start time (sv)"},"localizedDescriptions":{},"rmType":"DV_DATE_TIME","min":0,"max":1,"aqlPath":"/context/start_time","inputs":[{"type":"DATETIME","listOpen":false}],"formId":"pre-procurement-demo/start_time","viewConfig":{"multiplicity":{"min":0,"max":1},"advanced":{"hidden":false,"readonly":false,"hideFrame":false,"render":false},"label":{"custom":false,"useLocalizations":false},"size":{"field":"inherit","label":"inherit"},"layout":{"label":{"valign":"inherit","align":"inherit"},"field":{"valign":"inherit","align":"inherit"}},"annotations":{},"field":{"input":{"hideTime":false,"dateFormat":"","hideDate":false}}}},{"name":"End time","localizedName":"End time","localizedNames":{"en":"End time","sv":"*End time (sv)"},"localizedDescriptions":{},"rmType":"DV_DATE_TIME","min":0,"max":1,"aqlPath":"/context/end_time","inputs":[{"type":"DATETIME","listOpen":false}],"formId":"pre-procurement-demo/end_time","viewConfig":{"multiplicity":{"min":0,"max":1},"advanced":{"hidden":false,"readonly":false,"hideFrame":false,"render":false},"label":{"custom":false,"useLocalizations":false},"size":{"field":"inherit","label":"inherit"},"layout":{"label":{"valign":"inherit","align":"inherit"},"field":{"valign":"inherit","align":"inherit"}},"annotations":{},"field":{"input":{"hideTime":false,"dateFormat":"","hideDate":false}}}},{"name":"Problem/Diagnosis","localizedName":"Problem/Diagnosis","localizedNames":{"en":"Problem/Diagnosis","sv":"Problem/Diagnos"},"localizedDescriptions":{"en":"Details about a single identified health condition, injury, disability or any other issue which impacts on the physical, mental and/or social well-being of an individual.","sv":"Detaljer av ett enskilt identifierat hälsotillstånd, skada, funktionshinder eller något annat problem som påverkar individens fysiska, psykiska och eller sociala välbefinnande."},"rmType":"EVALUATION","nodeId":"openEHR-EHR-EVALUATION.problem_diagnosis.v1","min":0,"max":-1,"aqlPath":"/content[openEHR-EHR-EVALUATION.problem_diagnosis.v1]","inputs":[],"formId":"pre-procurement-demo/problem_diagnosis","viewConfig":{"multiplicity":{"min":0,"max":-1},"advanced":{"hidden":false,"readonly":false,"hideFrame":false,"render":false},"label":{"custom":false,"useLocalizations":false},"size":{"field":"inherit","label":"inherit"},"layout":{"label":{"valign":"inherit","align":"inherit"},"field":{"valign":"inherit","align":"inherit"}},"annotations":{},"field":{}},"children":[{"name":"Traumatic injury","localizedName":"Traumatic injury","localizedNames":{"en":"Traumatic injury","sv":"*Traumatic injury (sv)"},"localizedDescriptions":{"en":"Identification of the problem or diagnosis, by name.","sv":"Identifiering av problemet eller diagnosen efter namn."},"rmType":"DV_CODED_TEXT","nodeId":"at0002","min":1,"max":1,"aqlPath":"/content[openEHR-EHR-EVALUATION.problem_diagnosis.v1]/data[at0001]/items[at0002 and name/value='Traumatic injury']/value","inputs":[{"suffix":"code","type":"CODED_TEXT","list":[],"listOpen":false}],"formId":"pre-procurement-demo/problem_diagnosis/traumatic_injury@Traumatic injury","viewConfig":{"multiplicity":{"min":1,"max":1},"advanced":{"hidden":false,"readonly":false,"hideFrame":false,"render":false},"label":{"custom":false,"useLocalizations":false},"size":{"field":"inherit","label":"inherit"},"layout":{"label":{"valign":"inherit","align":"inherit"},"field":{"valign":"inherit","align":"inherit"}},"annotations":{},"field":{}}},{"name":"Clinical description","localizedName":"Clinical description","localizedNames":{"en":"Clinical description","sv":"Klinisk beskrivning"},"localizedDescriptions":{"en":"Narrative description about the problem or diagnosis.","sv":"En beskrivning av problemet eller diagnosen."},"rmType":"DV_TEXT","nodeId":"at0009","min":0,"max":1,"aqlPath":"/content[openEHR-EHR-EVALUATION.problem_diagnosis.v1]/data[at0001]/items[at0009]/value","inputs":[{"type":"TEXT","list":[],"listOpen":false}],"formId":"pre-procurement-demo/problem_diagnosis/clinical_description","viewConfig":{"multiplicity":{"min":0,"max":1},"advanced":{"hidden":false,"readonly":false,"hideFrame":false,"render":false},"label":{"custom":false,"useLocalizations":false},"size":{"field":"inherit","label":"inherit"},"layout":{"label":{"valign":"inherit","align":"inherit"},"field":{"valign":"inherit","align":"inherit"}},"datasource":{"loadRemote":false,"parameters":{}},"annotations":{},"field":{"lines":null,"input":{},"formatting":null}}},{"name":"Body site","localizedName":"Body site","localizedNames":{"en":"Body site","sv":"Anatomisk plats"},"localizedDescriptions":{"en":"Identification of a simple body site for the location of the problem or diagnosis.","sv":"Identifiering av problemets eller diagnosens anatomiska plats."},"rmType":"DV_CODED_TEXT","nodeId":"at0012","min":0,"max":-1,"aqlPath":"/content[openEHR-EHR-EVALUATION.problem_diagnosis.v1]/data[at0001]/items[at0012]/value","inputs":[{"suffix":"code","type":"CODED_TEXT","list":[],"listOpen":false}],"formId":"pre-procurement-demo/problem_diagnosis/body_site","viewConfig":{"multiplicity":{"min":0,"max":-1},"advanced":{"hidden":false,"readonly":false,"hideFrame":false,"render":false},"label":{"custom":false,"useLocalizations":false},"size":{"field":"inherit","label":"inherit"},"layout":{"label":{"valign":"inherit","align":"inherit"},"field":{"valign":"inherit","align":"inherit"}},"annotations":{},"field":{}}},{"name":"Date/time of injury","localizedName":"Date/time of injury","localizedNames":{"en":"Date/time of injury","sv":"*Date/time of injury (sv)"},"localizedDescriptions":{"en":"Estimated or actual date/time that signs or symptoms of the problem/diagnosis were first observed.","sv":"Uppskattat eller reellt datum och tid när problemets eller diagnosens tecken eller symtom först observerades."},"rmType":"DV_DATE_TIME","nodeId":"at0077","min":0,"max":1,"aqlPath":"/content[openEHR-EHR-EVALUATION.problem_diagnosis.v1]/data[at0001]/items[at0077 and name/value='Date/time of injury']/value","inputs":[{"type":"DATETIME","listOpen":false}],"formId":"pre-procurement-demo/problem_diagnosis/date_time_of_injury@Date/time of injury","viewConfig":{"multiplicity":{"min":0,"max":1},"advanced":{"hidden":false,"readonly":false,"hideFrame":false,"render":false},"label":{"custom":false,"useLocalizations":false},"size":{"field":"inherit","label":"inherit"},"layout":{"label":{"valign":"inherit","align":"inherit"},"field":{"valign":"inherit","align":"inherit"}},"annotations":{},"field":{"input":{"hideTime":false,"dateFormat":"","hideDate":false}}}},{"name":"Multimedia Resource","localizedName":"Multimedia Resource","localizedNames":{"en":"Multimedia Resource","sv":"Multimediaresurs"},"localizedDescriptions":{"en":"Details about an multimedia representation of the clinical data.","sv":"Detaljer om en multimedial representation av klinisk information."},"rmType":"CLUSTER","nodeId":"openEHR-EHR-CLUSTER.multimedia.v0","min":0,"max":-1,"aqlPath":"/content[openEHR-EHR-EVALUATION.problem_diagnosis.v1]/data[at0001]/items[openEHR-EHR-CLUSTER.multimedia.v0]","inputs":[],"formId":"pre-procurement-demo/problem_diagnosis/multimedia_resource","viewConfig":{"multiplicity":{"min":0,"max":-1},"advanced":{"hidden":false,"readonly":false,"hideFrame":false,"render":false},"label":{"custom":false,"useLocalizations":false},"size":{"field":"inherit","label":"inherit"},"layout":{"label":{"valign":"inherit","align":"inherit"},"field":{"valign":"inherit","align":"inherit"}},"annotations":{},"field":{}},"children":[{"name":"Name","localizedName":"Name","localizedNames":{"en":"Name","sv":"Namn"},"localizedDescriptions":{"en":"Title or identification of the multimedia resource.","sv":"Namn på eller identifierare för en multimediaresurs."},"rmType":"DV_TEXT","nodeId":"at0002","min":0,"max":1,"aqlPath":"/content[openEHR-EHR-EVALUATION.problem_diagnosis.v1]/data[at0001]/items[openEHR-EHR-CLUSTER.multimedia.v0]/items[at0002]/value","inputs":[{"type":"TEXT","list":[],"listOpen":false}],"formId":"pre-procurement-demo/problem_diagnosis/multimedia_resource/name","viewConfig":{"multiplicity":{"min":0,"max":1},"advanced":{"hidden":false,"readonly":false,"hideFrame":false,"render":false},"label":{"custom":false,"useLocalizations":false},"size":{"field":"inherit","label":"inherit"},"layout":{"label":{"valign":"inherit","align":"inherit"},"field":{"valign":"inherit","align":"inherit"}},"datasource":{"loadRemote":false,"parameters":{}},"annotations":{},"field":{"lines":null,"input":{},"formatting":null}}},{"name":"Description","localizedName":"Description","localizedNames":{"en":"Description","sv":"Beskrivning"},"localizedDescriptions":{"en":"Narrative description of the multimedia resource.","sv":"Beskrivning av multimediaresursen."},"rmType":"DV_TEXT","nodeId":"at0005","min":0,"max":1,"aqlPath":"/content[openEHR-EHR-EVALUATION.problem_diagnosis.v1]/data[at0001]/items[openEHR-EHR-CLUSTER.multimedia.v0]/items[at0005]/value","inputs":[{"type":"TEXT","list":[],"listOpen":false}],"formId":"pre-procurement-demo/problem_diagnosis/multimedia_resource/description","viewConfig":{"multiplicity":{"min":0,"max":1},"advanced":{"hidden":false,"readonly":false,"hideFrame":false,"render":false},"label":{"custom":false,"useLocalizations":false},"size":{"field":"inherit","label":"inherit"},"layout":{"label":{"valign":"inherit","align":"inherit"},"field":{"valign":"inherit","align":"inherit"}},"datasource":{"loadRemote":false,"parameters":{}},"annotations":{},"field":{"lines":null,"input":{},"formatting":null}}},{"name":"Multimedia","localizedName":"Multimedia","localizedNames":{"en":"Multimedia","sv":"Multimedia"},"localizedDescriptions":{"en":"Multimedia representation of the clinical observation or finding.","sv":"Multimedial representation av en klinisk observation eller ett kliniskt fynd."},"rmType":"DV_MULTIMEDIA","nodeId":"at0001","min":0,"max":1,"aqlPath":"/content[openEHR-EHR-EVALUATION.problem_diagnosis.v1]/data[at0001]/items[openEHR-EHR-CLUSTER.multimedia.v0]/items[at0001]/value","inputs":[{"type":"TEXT","listOpen":false}],"formId":"pre-procurement-demo/problem_diagnosis/multimedia_resource/multimedia","viewConfig":{"multiplicity":{"min":0,"max":1},"advanced":{"hidden":false,"readonly":false,"hideFrame":false,"render":false},"label":{"custom":false,"useLocalizations":false},"size":{"field":"inherit","label":"inherit"},"layout":{"label":{"valign":"inherit","align":"inherit"},"field":{"valign":"inherit","align":"inherit"}},"annotations":{},"field":{"input":{}}}},{"name":"URL","localizedName":"URL","localizedNames":{"en":"URL","sv":"URL"},"localizedDescriptions":{"en":"Internet link to the multimedia resource.","sv":"Internetlänk till multimediaresursen."},"rmType":"DV_URI","nodeId":"at0008","min":0,"max":1,"aqlPath":"/content[openEHR-EHR-EVALUATION.problem_diagnosis.v1]/data[at0001]/items[openEHR-EHR-CLUSTER.multimedia.v0]/items[at0008]/value","inputs":[{"type":"TEXT","listOpen":false}],"formId":"pre-procurement-demo/problem_diagnosis/multimedia_resource/url","viewConfig":{"multiplicity":{"min":0,"max":1},"advanced":{"hidden":false,"readonly":false,"hideFrame":false,"render":false},"label":{"custom":false,"useLocalizations":false},"size":{"field":"inherit","label":"inherit"},"layout":{"label":{"valign":"inherit","align":"inherit"},"field":{"valign":"inherit","align":"inherit"}},"annotations":{},"field":{"input":{}}}},{"name":"Source","localizedName":"Source","localizedNames":{"en":"Source","sv":"Källa"},"localizedDescriptions":{"en":"The source of the multimedia resource.","sv":"Källan till multimediaresursen."},"rmType":"DV_TEXT","nodeId":"at0003","min":0,"max":1,"aqlPath":"/content[openEHR-EHR-EVALUATION.problem_diagnosis.v1]/data[at0001]/items[openEHR-EHR-CLUSTER.multimedia.v0]/items[at0003]/value","inputs":[{"type":"TEXT","list":[],"listOpen":false}],"formId":"pre-procurement-demo/problem_diagnosis/multimedia_resource/source","viewConfig":{"multiplicity":{"min":0,"max":1},"advanced":{"hidden":false,"readonly":false,"hideFrame":false,"render":false},"label":{"custom":false,"useLocalizations":false},"size":{"field":"inherit","label":"inherit"},"layout":{"label":{"valign":"inherit","align":"inherit"},"field":{"valign":"inherit","align":"inherit"}},"datasource":{"loadRemote":false,"parameters":{}},"annotations":{},"field":{"lines":null,"input":{},"formatting":null}}},{"name":"Author","localizedName":"Author","localizedNames":{"en":"Author","sv":"Författare"},"localizedDescriptions":{"en":"Name of the creator of the resource.","sv":"Namnet på den som skapat resursen."},"rmType":"DV_TEXT","nodeId":"at0009","min":0,"max":1,"aqlPath":"/content[openEHR-EHR-EVALUATION.problem_diagnosis.v1]/data[at0001]/items[openEHR-EHR-CLUSTER.multimedia.v0]/items[at0009]/value","inputs":[{"type":"TEXT","list":[],"listOpen":false}],"formId":"pre-procurement-demo/problem_diagnosis/multimedia_resource/author","viewConfig":{"multiplicity":{"min":0,"max":1},"advanced":{"hidden":false,"readonly":false,"hideFrame":false,"render":false},"label":{"custom":false,"useLocalizations":false},"size":{"field":"inherit","label":"inherit"},"layout":{"label":{"valign":"inherit","align":"inherit"},"field":{"valign":"inherit","align":"inherit"}},"datasource":{"loadRemote":false,"parameters":{}},"annotations":{},"field":{"lines":null,"input":{},"formatting":null}}},{"name":"Date created","localizedName":"Date created","localizedNames":{"en":"Date created","sv":"Skapad"},"localizedDescriptions":{"en":"Date/time that the multimedia resource was created.","sv":"Datum/tid då multimediaresursen skapades."},"rmType":"DV_DATE_TIME","nodeId":"at0004","min":0,"max":1,"aqlPath":"/content[openEHR-EHR-EVALUATION.problem_diagnosis.v1]/data[at0001]/items[openEHR-EHR-CLUSTER.multimedia.v0]/items[at0004]/value","inputs":[{"type":"DATETIME","listOpen":false}],"formId":"pre-procurement-demo/problem_diagnosis/multimedia_resource/date_created","viewConfig":{"multiplicity":{"min":0,"max":1},"advanced":{"hidden":false,"readonly":false,"hideFrame":false,"render":false},"label":{"custom":false,"useLocalizations":false},"size":{"field":"inherit","label":"inherit"},"layout":{"label":{"valign":"inherit","align":"inherit"},"field":{"valign":"inherit","align":"inherit"}},"annotations":{},"field":{"input":{"hideTime":false,"dateFormat":"","hideDate":false}}}},{"name":"Date published","localizedName":"Date published","localizedNames":{"en":"Date published","sv":"Publicerad"},"localizedDescriptions":{"en":"Date/time that the multimedia resource was published.","sv":"Datum/tid då multimediaresursen publicerades."},"rmType":"DV_DATE_TIME","nodeId":"at0006","min":0,"max":1,"aqlPath":"/content[openEHR-EHR-EVALUATION.problem_diagnosis.v1]/data[at0001]/items[openEHR-EHR-CLUSTER.multimedia.v0]/items[at0006]/value","inputs":[{"type":"DATETIME","listOpen":false}],"formId":"pre-procurement-demo/problem_diagnosis/multimedia_resource/date_published","viewConfig":{"multiplicity":{"min":0,"max":1},"advanced":{"hidden":false,"readonly":false,"hideFrame":false,"render":false},"label":{"custom":false,"useLocalizations":false},"size":{"field":"inherit","label":"inherit"},"layout":{"label":{"valign":"inherit","align":"inherit"},"field":{"valign":"inherit","align":"inherit"}},"annotations":{},"field":{"input":{"hideTime":false,"dateFormat":"","hideDate":false}}}},{"name":"Version","localizedName":"Version","localizedNames":{"en":"Version","sv":"Version"},"localizedDescriptions":{"en":"The version of the multimedia resource.","sv":"Multimediaresursens version."},"rmType":"DV_TEXT","nodeId":"at0007","min":0,"max":1,"aqlPath":"/content[openEHR-EHR-EVALUATION.problem_diagnosis.v1]/data[at0001]/items[openEHR-EHR-CLUSTER.multimedia.v0]/items[at0007]/value","inputs":[{"type":"TEXT","list":[],"listOpen":false}],"formId":"pre-procurement-demo/problem_diagnosis/multimedia_resource/version","viewConfig":{"multiplicity":{"min":0,"max":1},"advanced":{"hidden":false,"readonly":false,"hideFrame":false,"render":false},"label":{"custom":false,"useLocalizations":false},"size":{"field":"inherit","label":"inherit"},"layout":{"label":{"valign":"inherit","align":"inherit"},"field":{"valign":"inherit","align":"inherit"}},"datasource":{"loadRemote":false,"parameters":{}},"annotations":{},"field":{"lines":null,"input":{},"formatting":null}}}]},{"name":"other_participations","localizedName":"other_participations","localizedNames":{"en":"other_participations","sv":"*other_participations (sv)"},"localizedDescriptions":{},"rmType":"PARTICIPATION","min":0,"max":-1,"aqlPath":"/content[openEHR-EHR-EVALUATION.problem_diagnosis.v1]/other_participations","inputs":[],"formId":"pre-procurement-demo/problem_diagnosis/other_participations","viewConfig":{"multiplicity":{"min":0,"max":-1},"advanced":{"hidden":false,"readonly":false,"hideFrame":false,"render":false},"label":{"custom":false,"useLocalizations":false},"size":{"field":"inherit","label":"inherit"},"layout":{"label":{"valign":"inherit","align":"inherit"},"field":{"valign":"inherit","align":"inherit"}},"annotations":{},"field":{"name":null}},"children":[{"name":"function","localizedName":"function","localizedNames":{"en":"function","sv":"*function (sv)"},"localizedDescriptions":{},"rmType":"DV_TEXT","min":1,"max":1,"aqlPath":"/content[openEHR-EHR-EVALUATION.problem_diagnosis.v1]/other_participations/function","inputs":[{"type":"TEXT","list":[],"listOpen":false}],"formId":"pre-procurement-demo/problem_diagnosis/other_participations/function","viewConfig":{"multiplicity":{"min":1,"max":1},"advanced":{"hidden":false,"readonly":false,"hideFrame":false,"render":false},"label":{"custom":false,"useLocalizations":false},"size":{"field":"inherit","label":"inherit"},"layout":{"label":{"valign":"inherit","align":"inherit"},"field":{"valign":"inherit","align":"inherit"}},"datasource":{"loadRemote":false,"parameters":{}},"annotations":{},"field":{"lines":null,"input":{},"formatting":null}}},{"name":"performer","localizedName":"performer","localizedNames":{"en":"performer","sv":"*performer (sv)"},"localizedDescriptions":{},"rmType":"PARTY_IDENTIFIED","min":1,"max":1,"aqlPath":"/content[openEHR-EHR-EVALUATION.problem_diagnosis.v1]/other_participations/performer","inputs":[],"formId":"pre-procurement-demo/problem_diagnosis/other_participations/performer","viewConfig":{"multiplicity":{"min":1,"max":1},"advanced":{"hidden":false,"readonly":false,"hideFrame":false,"render":false},"label":{"custom":false,"useLocalizations":false},"size":{"field":"inherit","label":"inherit"},"layout":{"label":{"valign":"inherit","align":"inherit"},"field":{"valign":"inherit","align":"inherit"}},"annotations":{},"field":{"name":null}}},{"name":"mode","localizedName":"mode","localizedNames":{"en":"mode","sv":"*mode (sv)"},"localizedDescriptions":{},"rmType":"DV_CODED_TEXT","min":0,"max":1,"aqlPath":"/content[openEHR-EHR-EVALUATION.problem_diagnosis.v1]/other_participations/mode","inputs":[{"suffix":"code","type":"CODED_TEXT","list":[],"listOpen":false}],"formId":"pre-procurement-demo/problem_diagnosis/other_participations/mode","viewConfig":{"multiplicity":{"min":0,"max":1},"advanced":{"hidden":false,"readonly":false,"hideFrame":false,"render":false},"label":{"custom":false,"useLocalizations":false},"size":{"field":"inherit","label":"inherit"},"layout":{"label":{"valign":"inherit","align":"inherit"},"field":{"valign":"inherit","align":"inherit"}},"annotations":{},"field":{}}},{"name":"time","localizedName":"time","localizedNames":{"en":"time","sv":"*time (sv)"},"localizedDescriptions":{},"rmType":"DV_INTERVAL<DV_DATE_TIME>","min":0,"max":1,"aqlPath":"/content[openEHR-EHR-EVALUATION.problem_diagnosis.v1]/other_participations/time","inputs":[],"formId":"pre-procurement-demo/problem_diagnosis/other_participations/time","viewConfig":{"multiplicity":{"min":0,"max":1},"advanced":{"hidden":false,"readonly":false,"hideFrame":false,"render":false},"label":{"custom":false,"useLocalizations":false},"size":{"field":"inherit","label":"inherit"},"layout":{"label":{"valign":"inherit","align":"inherit"},"field":{"valign":"inherit","align":"inherit"}},"annotations":{}},"children":[{"localizedNames":{},"localizedDescriptions":{},"rmType":"DV_DATE_TIME","min":0,"max":0,"aqlPath":"/content[openEHR-EHR-EVALUATION.problem_diagnosis.v1]/other_participations/time/upper","inputs":[{"type":"DATETIME","listOpen":false}],"formId":"pre-procurement-demo/problem_diagnosis/other_participations/time/upper","viewConfig":{"annotations":{},"field":{"input":{"hideTime":false,"dateFormat":"","hideDate":false}}}},{"localizedNames":{},"localizedDescriptions":{},"rmType":"DV_DATE_TIME","min":0,"max":0,"aqlPath":"/content[openEHR-EHR-EVALUATION.problem_diagnosis.v1]/other_participations/time/lower","inputs":[{"type":"DATETIME","listOpen":false}],"formId":"pre-procurement-demo/problem_diagnosis/other_participations/time/lower","viewConfig":{"annotations":{},"field":{"input":{"hideTime":false,"dateFormat":"","hideDate":false}}}}]}]},{"name":"provider","localizedName":"provider","localizedNames":{"en":"provider","sv":"*provider (sv)"},"localizedDescriptions":{},"rmType":"PARTY_IDENTIFIED","min":0,"max":1,"aqlPath":"/content[openEHR-EHR-EVALUATION.problem_diagnosis.v1]/provider","inputs":[],"formId":"pre-procurement-demo/problem_diagnosis/other_participations/provider","viewConfig":{"multiplicity":{"min":0,"max":1},"advanced":{"hidden":false,"readonly":false,"hideFrame":false,"render":false},"label":{"custom":false,"useLocalizations":false},"size":{"field":"inherit","label":"inherit"},"layout":{"label":{"valign":"inherit","align":"inherit"},"field":{"valign":"inherit","align":"inherit"}},"annotations":{},"field":{"name":null}}}]},{"name":"Vital parameters","localizedName":"Vital parameters","localizedNames":{"en":"Vital parameters","sv":"*Vital parameters (sv)"},"localizedDescriptions":{"en":"A generic section header which should be renamed in a template to suit a specific clinical context.","sv":"En allmän avsnittsrubrik som döps om i en openEHR-mall för att passa in i en specifik klinisk kontext."},"rmType":"SECTION","nodeId":"openEHR-EHR-SECTION.adhoc.v1","min":0,"max":-1,"aqlPath":"/content[openEHR-EHR-SECTION.adhoc.v1 and name/value='Vital parameters']","inputs":[],"formId":"pre-procurement-demo/vital_parameters@Vital parameters","viewConfig":{"multiplicity":{"min":0,"max":-1},"advanced":{"hidden":false,"readonly":false,"hideFrame":false,"render":false},"label":{"custom":false,"useLocalizations":false},"size":{"field":"inherit","label":"inherit"},"layout":{"label":{"valign":"inherit","align":"inherit"},"field":{"valign":"inherit","align":"inherit"}},"annotations":{},"field":{}},"children":[{"name":"Pulse oximetry","localizedName":"Pulse oximetry","localizedNames":{"en":"Pulse oximetry","sv":"Pulsoximetri"},"localizedDescriptions":{"en":"Blood oxygen and related measurements, measured by pulse oximetry or pulse CO-oximetry.","sv":"Syremättnad i blodet och relaterade mätningar, uppmätta med pulsoximetri eller CO-oximetri."},"rmType":"OBSERVATION","nodeId":"openEHR-EHR-OBSERVATION.pulse_oximetry.v1","min":0,"max":-1,"aqlPath":"/content[openEHR-EHR-SECTION.adhoc.v1 and name/value='Vital parameters']/items[openEHR-EHR-OBSERVATION.pulse_oximetry.v1]","inputs":[],"formId":"pre-procurement-demo/vital_parameters@Vital parameters/pulse_oximetry","viewConfig":{"multiplicity":{"min":0,"max":-1},"advanced":{"hidden":false,"readonly":false,"hideFrame":false,"render":false},"label":{"custom":false,"useLocalizations":false},"size":{"field":"inherit","label":"inherit"},"layout":{"label":{"valign":"inherit","align":"inherit"},"field":{"valign":"inherit","align":"inherit"}},"annotations":{},"field":{}},"children":[{"name":"Origin","localizedName":"Origin","localizedNames":{"en":"Origin","sv":"*Origin (sv)"},"localizedDescriptions":{},"rmType":"DV_DATE_TIME","min":0,"max":1,"aqlPath":"/content[openEHR-EHR-SECTION.adhoc.v1 and name/value='Vital parameters']/items[openEHR-EHR-OBSERVATION.pulse_oximetry.v1]/data[at0001]/origin","inputs":[{"type":"DATETIME","listOpen":false}],"formId":"pre-procurement-demo/vital_parameters@Vital parameters/pulse_oximetry/event_series/origin","viewConfig":{"multiplicity":{"min":0,"max":1},"advanced":{"hidden":false,"readonly":false,"hideFrame":false,"render":false},"label":{"custom":false,"useLocalizations":false},"size":{"field":"inherit","label":"inherit"},"layout":{"label":{"valign":"inherit","align":"inherit"},"field":{"valign":"inherit","align":"inherit"}},"annotations":{},"field":{"input":{"hideTime":false,"dateFormat":"","hideDate":false}}}},{"name":"Any event","localizedName":"Any event","localizedNames":{"en":"Any event","sv":"Ospecificerad händelse"},"localizedDescriptions":{"en":"Default, unspecified point in time or interval event which may be explicitly defined in a template or at run-time.","sv":"Ospecificerad händelse\r\n\r\nOspecificerad standardhändelse vid en tidpunkt eller inom ett tidsintervall som explicit kan definieras i en mall eller genereras automatiskt av vissa IT-system."},"rmType":"EVENT","nodeId":"at0002","min":0,"max":-1,"aqlPath":"/content[openEHR-EHR-SECTION.adhoc.v1 and name/value='Vital parameters']/items[openEHR-EHR-OBSERVATION.pulse_oximetry.v1]/data[at0001]/events[at0002]","inputs":[],"formId":"pre-procurement-demo/vital_parameters@Vital parameters/pulse_oximetry/any_event","viewConfig":{"multiplicity":{"min":0,"max":-1},"advanced":{"hidden":false,"readonly":false,"hideFrame":false,"render":false},"label":{"custom":false,"useLocalizations":false},"size":{"field":"inherit","label":"inherit"},"layout":{"label":{"valign":"inherit","align":"inherit"},"field":{"valign":"inherit","align":"inherit"}},"annotations":{}},"children":[{"name":"SpO₂","localizedName":"SpO₂","localizedNames":{"en":"SpO₂","sv":"SpO₂"},"localizedDescriptions":{"en":"The saturation of oxygen in the peripheral blood, measured via pulse oximetry.","sv":"Syremättnad i perifert blod uppmätt genom pulsoximetri."},"rmType":"DV_PROPORTION","nodeId":"at0006","min":0,"max":1,"aqlPath":"/content[openEHR-EHR-SECTION.adhoc.v1 and name/value='Vital parameters']/items[openEHR-EHR-OBSERVATION.pulse_oximetry.v1]/data[at0001]/events[at0002]/data[at0003]/items[at0006]/value","inputs":[{"suffix":"numerator","type":"DECIMAL","validation":{"range":{"minOp":">=","min":0.0,"maxOp":"<=","max":100.0}},"listOpen":false},{"suffix":"denominator","type":"DECIMAL","validation":{"range":{"minOp":">=","min":100.0,"maxOp":"<=","max":100.0}},"listOpen":false}],"formId":"pre-procurement-demo/vital_parameters@Vital parameters/pulse_oximetry/any_event/spo₂","viewConfig":{"multiplicity":{"min":0,"max":1},"advanced":{"hidden":false,"readonly":false,"hideFrame":false,"render":false},"label":{"custom":false,"useLocalizations":false},"size":{"field":"inherit","label":"inherit"},"layout":{"label":{"valign":"inherit","align":"inherit"},"field":{"valign":"inherit","align":"inherit"}},"annotations":{}}},{"name":"Inspired oxygen","localizedName":"Inspired oxygen","localizedNames":{"en":"Inspired oxygen","sv":"Tillfört syre"},"localizedDescriptions":{"en":"The amount of oxygen being delivered, or to be delivered, to the patient given as a fraction, percentage or indirectly as a flow rate.","sv":"Mängden syre som tillförs eller som ska tillföras patienten, angiven som andel, procent eller indirekt som en flödeshastighet."},"rmType":"CLUSTER","nodeId":"openEHR-EHR-CLUSTER.inspired_oxygen.v1","min":0,"max":1,"aqlPath":"/content[openEHR-EHR-SECTION.adhoc.v1 and name/value='Vital parameters']/items[openEHR-EHR-OBSERVATION.pulse_oximetry.v1]/data[at0001]/events[at0002]/state[at0014]/items[openEHR-EHR-CLUSTER.inspired_oxygen.v1]","inputs":[],"formId":"pre-procurement-demo/vital_parameters@Vital parameters/pulse_oximetry/any_event/inspired_oxygen","viewConfig":{"multiplicity":{"min":0,"max":1},"advanced":{"hidden":false,"readonly":false,"hideFrame":false,"render":false},"label":{"custom":false,"useLocalizations":false},"size":{"field":"inherit","label":"inherit"},"layout":{"label":{"valign":"inherit","align":"inherit"},"field":{"valign":"inherit","align":"inherit"}},"annotations":{},"field":{}},"children":[{"name":"Flow rate","localizedName":"Flow rate","localizedNames":{"en":"Flow rate","sv":"Flödeshastighet"},"localizedDescriptions":{"en":"Oxygen flow rate given to an individual.","sv":"Flödeshastigheten för det syre som ges till en individ."},"rmType":"DV_QUANTITY","nodeId":"at0051","min":0,"max":1,"aqlPath":"/content[openEHR-EHR-SECTION.adhoc.v1 and name/value='Vital parameters']/items[openEHR-EHR-OBSERVATION.pulse_oximetry.v1]/data[at0001]/events[at0002]/state[at0014]/items[openEHR-EHR-CLUSTER.inspired_oxygen.v1]/items[at0051]/value","inputs":[{"suffix":"magnitude","type":"DECIMAL","defaultValue":"","listOpen":false},{"suffix":"unit","type":"CODED_TEXT","list":[{"value":"ml/min","label":"ml/min","validation":{"range":{"minOp":">=","min":0.0,"maxOp":"<=","max":50000.0},"precision":{"minOp":">=","min":2.0,"maxOp":"<=","max":2.0}},"ordinal":0,"localizedLabels":{},"localizedDescriptions":{}},{"value":"l/min","label":"l/min","validation":{"range":{"minOp":">=","min":0.0,"maxOp":"<=","max":50.0},"precision":{"minOp":">=","min":2.0,"maxOp":"<=","max":2.0}},"ordinal":0,"localizedLabels":{},"localizedDescriptions":{}}],"listOpen":false}],"formId":"pre-procurement-demo/vital_parameters@Vital parameters/pulse_oximetry/any_event/inspired_oxygen/flow_rate","viewConfig":{"multiplicity":{"min":0,"max":1},"advanced":{"hidden":false,"readonly":false,"hideFrame":false,"render":false},"label":{"custom":false,"useLocalizations":false},"size":{"field":"inherit","label":"inherit"},"layout":{"label":{"valign":"inherit","align":"inherit"},"field":{"valign":"inherit","align":"inherit"}},"annotations":{},"field":{}}},{"name":"On air","localizedName":"On air","localizedNames":{"en":"On air","sv":"Enbart luft"},"localizedDescriptions":{"en":"The patient is receiving air, equivalent to 21% O₂ or 0.21 FiO₂ and an oxygen flow rate of 0 litres per minute.","sv":"Patienten får luft motsvarande 21% eller 0,21 FiO₂ syrehalt och en flödeshastighet av 0 liter syre per minut."},"rmType":"DV_BOOLEAN","nodeId":"at0057","min":0,"max":1,"aqlPath":"/content[openEHR-EHR-SECTION.adhoc.v1 and name/value='Vital parameters']/items[openEHR-EHR-OBSERVATION.pulse_oximetry.v1]/data[at0001]/events[at0002]/state[at0014]/items[openEHR-EHR-CLUSTER.inspired_oxygen.v1]/items[at0057]/value","inputs":[{"type":"BOOLEAN","defaultValue":"False","listOpen":false}],"formId":"pre-procurement-demo/vital_parameters@Vital parameters/pulse_oximetry/any_event/inspired_oxygen/on_air","viewConfig":{"multiplicity":{"min":0,"max":1},"advanced":{"hidden":false,"readonly":false,"hideFrame":false,"render":false},"label":{"custom":false,"useLocalizations":false},"size":{"field":"inherit","label":"inherit"},"layout":{"label":{"valign":"inherit","align":"inherit"},"field":{"valign":"inherit","align":"inherit"}},"annotations":{},"field":{"input":{"threeState":false}}}}]},{"name":"Time","localizedName":"Time","localizedNames":{"en":"Time","sv":"*Time (sv)"},"localizedDescriptions":{},"rmType":"DV_DATE_TIME","min":0,"max":1,"aqlPath":"/content[openEHR-EHR-SECTION.adhoc.v1 and name/value='Vital parameters']/items[openEHR-EHR-OBSERVATION.pulse_oximetry.v1]/data[at0001]/events[at0002]/time","inputs":[{"type":"DATETIME","listOpen":false}],"formId":"pre-procurement-demo/vital_parameters@Vital parameters/pulse_oximetry/any_event/time","viewConfig":{"multiplicity":{"min":0,"max":1},"advanced":{"hidden":false,"readonly":false,"hideFrame":false,"render":false},"label":{"custom":false,"useLocalizations":false},"size":{"field":"inherit","label":"inherit"},"layout":{"label":{"valign":"inherit","align":"inherit"},"field":{"valign":"inherit","align":"inherit"}},"annotations":{},"field":{"input":{"hideTime":false,"dateFormat":"","hideDate":false}}}}]},{"name":"Sensor site","localizedName":"Sensor site","localizedNames":{"en":"Sensor site","sv":"Mätplats"},"localizedDescriptions":{"en":"The site of the measurement sensor.","sv":"Plats på kroppen där sensorn satt under mätningen"},"rmType":"DV_TEXT","nodeId":"at0009","min":0,"max":1,"aqlPath":"/content[openEHR-EHR-SECTION.adhoc.v1 and name/value='Vital parameters']/items[openEHR-EHR-OBSERVATION.pulse_oximetry.v1]/protocol[at0007]/items[at0009]/value","inputs":[{"type":"TEXT","list":[],"listOpen":false}],"formId":"pre-procurement-demo/vital_parameters@Vital parameters/pulse_oximetry/sensor_site","viewConfig":{"multiplicity":{"min":0,"max":1},"advanced":{"hidden":false,"readonly":false,"hideFrame":false,"render":false},"label":{"custom":false,"useLocalizations":false},"size":{"field":"inherit","label":"inherit"},"layout":{"label":{"valign":"inherit","align":"inherit"},"field":{"valign":"inherit","align":"inherit"}},"datasource":{"loadRemote":false,"parameters":{}},"annotations":{},"field":{"lines":null,"input":{},"formatting":null}}},{"name":"other_participations","localizedName":"other_participations","localizedNames":{"en":"other_participations","sv":"*other_participations (sv)"},"localizedDescriptions":{},"rmType":"PARTICIPATION","min":0,"max":-1,"aqlPath":"/content[openEHR-EHR-SECTION.adhoc.v1 and name/value='Vital parameters']/items[openEHR-EHR-OBSERVATION.pulse_oximetry.v1]/other_participations","inputs":[],"formId":"pre-procurement-demo/vital_parameters@Vital parameters/pulse_oximetry/other_participations","viewConfig":{"multiplicity":{"min":0,"max":-1},"advanced":{"hidden":false,"readonly":false,"hideFrame":false,"render":false},"label":{"custom":false,"useLocalizations":false},"size":{"field":"inherit","label":"inherit"},"layout":{"label":{"valign":"inherit","align":"inherit"},"field":{"valign":"inherit","align":"inherit"}},"annotations":{},"field":{"name":null}},"children":[{"name":"function","localizedName":"function","localizedNames":{"en":"function","sv":"*function (sv)"},"localizedDescriptions":{},"rmType":"DV_TEXT","min":1,"max":1,"aqlPath":"/content[openEHR-EHR-SECTION.adhoc.v1 and name/value='Vital parameters']/items[openEHR-EHR-OBSERVATION.pulse_oximetry.v1]/other_participations/function","inputs":[{"type":"TEXT","list":[],"listOpen":false}],"formId":"pre-procurement-demo/vital_parameters@Vital parameters/pulse_oximetry/other_participations/function","viewConfig":{"multiplicity":{"min":1,"max":1},"advanced":{"hidden":false,"readonly":false,"hideFrame":false,"render":false},"label":{"custom":false,"useLocalizations":false},"size":{"field":"inherit","label":"inherit"},"layout":{"label":{"valign":"inherit","align":"inherit"},"field":{"valign":"inherit","align":"inherit"}},"datasource":{"loadRemote":false,"parameters":{}},"annotations":{},"field":{"lines":null,"input":{},"formatting":null}}},{"name":"performer","localizedName":"performer","localizedNames":{"en":"performer","sv":"*performer (sv)"},"localizedDescriptions":{},"rmType":"PARTY_IDENTIFIED","min":1,"max":1,"aqlPath":"/content[openEHR-EHR-SECTION.adhoc.v1 and name/value='Vital parameters']/items[openEHR-EHR-OBSERVATION.pulse_oximetry.v1]/other_participations/performer","inputs":[],"formId":"pre-procurement-demo/vital_parameters@Vital parameters/pulse_oximetry/other_participations/performer","viewConfig":{"multiplicity":{"min":1,"max":1},"advanced":{"hidden":false,"readonly":false,"hideFrame":false,"render":false},"label":{"custom":false,"useLocalizations":false},"size":{"field":"inherit","label":"inherit"},"layout":{"label":{"valign":"inherit","align":"inherit"},"field":{"valign":"inherit","align":"inherit"}},"annotations":{},"field":{"name":null}}},{"name":"mode","localizedName":"mode","localizedNames":{"en":"mode","sv":"*mode (sv)"},"localizedDescriptions":{},"rmType":"DV_CODED_TEXT","min":0,"max":1,"aqlPath":"/content[openEHR-EHR-SECTION.adhoc.v1 and name/value='Vital parameters']/items[openEHR-EHR-OBSERVATION.pulse_oximetry.v1]/other_participations/mode","inputs":[{"suffix":"code","type":"CODED_TEXT","list":[],"listOpen":false}],"formId":"pre-procurement-demo/vital_parameters@Vital parameters/pulse_oximetry/other_participations/mode","viewConfig":{"multiplicity":{"min":0,"max":1},"advanced":{"hidden":false,"readonly":false,"hideFrame":false,"render":false},"label":{"custom":false,"useLocalizations":false},"size":{"field":"inherit","label":"inherit"},"layout":{"label":{"valign":"inherit","align":"inherit"},"field":{"valign":"inherit","align":"inherit"}},"annotations":{},"field":{}}},{"name":"time","localizedName":"time","localizedNames":{"en":"time","sv":"*time (sv)"},"localizedDescriptions":{},"rmType":"DV_INTERVAL<DV_DATE_TIME>","min":0,"max":1,"aqlPath":"/content[openEHR-EHR-SECTION.adhoc.v1 and name/value='Vital parameters']/items[openEHR-EHR-OBSERVATION.pulse_oximetry.v1]/other_participations/time","inputs":[],"formId":"pre-procurement-demo/vital_parameters@Vital parameters/pulse_oximetry/other_participations/time","viewConfig":{"multiplicity":{"min":0,"max":1},"advanced":{"hidden":false,"readonly":false,"hideFrame":false,"render":false},"label":{"custom":false,"useLocalizations":false},"size":{"field":"inherit","label":"inherit"},"layout":{"label":{"valign":"inherit","align":"inherit"},"field":{"valign":"inherit","align":"inherit"}},"annotations":{}},"children":[{"localizedNames":{},"localizedDescriptions":{},"rmType":"DV_DATE_TIME","min":0,"max":0,"aqlPath":"/content[openEHR-EHR-SECTION.adhoc.v1 and name/value='Vital parameters']/items[openEHR-EHR-OBSERVATION.pulse_oximetry.v1]/other_participations/time/upper","inputs":[{"type":"DATETIME","listOpen":false}],"formId":"pre-procurement-demo/vital_parameters@Vital parameters/pulse_oximetry/other_participations/time/upper","viewConfig":{"annotations":{},"field":{"input":{"hideTime":false,"dateFormat":"","hideDate":false}}}},{"localizedNames":{},"localizedDescriptions":{},"rmType":"DV_DATE_TIME","min":0,"max":0,"aqlPath":"/content[openEHR-EHR-SECTION.adhoc.v1 and name/value='Vital parameters']/items[openEHR-EHR-OBSERVATION.pulse_oximetry.v1]/other_participations/time/lower","inputs":[{"type":"DATETIME","listOpen":false}],"formId":"pre-procurement-demo/vital_parameters@Vital parameters/pulse_oximetry/other_participations/time/lower","viewConfig":{"annotations":{},"field":{"input":{"hideTime":false,"dateFormat":"","hideDate":false}}}}]}]},{"name":"provider","localizedName":"provider","localizedNames":{"en":"provider","sv":"*provider (sv)"},"localizedDescriptions":{},"rmType":"PARTY_IDENTIFIED","min":0,"max":1,"aqlPath":"/content[openEHR-EHR-SECTION.adhoc.v1 and name/value='Vital parameters']/items[openEHR-EHR-OBSERVATION.pulse_oximetry.v1]/provider","inputs":[],"formId":"pre-procurement-demo/vital_parameters@Vital parameters/pulse_oximetry/other_participations/provider","viewConfig":{"multiplicity":{"min":0,"max":1},"advanced":{"hidden":false,"readonly":false,"hideFrame":false,"render":false},"label":{"custom":false,"useLocalizations":false},"size":{"field":"inherit","label":"inherit"},"layout":{"label":{"valign":"inherit","align":"inherit"},"field":{"valign":"inherit","align":"inherit"}},"annotations":{},"field":{"name":null}}}]},{"name":"Respiration","localizedName":"Respiration","localizedNames":{"en":"Respiration","sv":"Andning"},"localizedDescriptions":{"en":"The characteristics of spontaneous breathing by an individual.","sv":"De observerade egenskaperna i spontanandning som vanligen skulle registreras som en del av en undersökning av \"vitalparametrar\"."},"rmType":"OBSERVATION","nodeId":"openEHR-EHR-OBSERVATION.respiration.v2","min":0,"max":-1,"aqlPath":"/content[openEHR-EHR-SECTION.adhoc.v1 and name/value='Vital parameters']/items[openEHR-EHR-OBSERVATION.respiration.v2]","inputs":[],"formId":"pre-procurement-demo/vital_parameters@Vital parameters/respiration","viewConfig":{"multiplicity":{"min":0,"max":-1},"advanced":{"hidden":false,"readonly":false,"hideFrame":false,"render":false},"label":{"custom":false,"useLocalizations":false},"size":{"field":"inherit","label":"inherit"},"layout":{"label":{"valign":"inherit","align":"inherit"},"field":{"valign":"inherit","align":"inherit"}},"annotations":{},"field":{}},"children":[{"name":"Origin","localizedName":"Origin","localizedNames":{"en":"Origin","sv":"*Origin (sv)"},"localizedDescriptions":{},"rmType":"DV_DATE_TIME","min":0,"max":1,"aqlPath":"/content[openEHR-EHR-SECTION.adhoc.v1 and name/value='Vital parameters']/items[openEHR-EHR-OBSERVATION.respiration.v2]/data[at0001]/origin","inputs":[{"type":"DATETIME","listOpen":false}],"formId":"pre-procurement-demo/vital_parameters@Vital parameters/respiration/history/origin","viewConfig":{"multiplicity":{"min":0,"max":1},"advanced":{"hidden":false,"readonly":false,"hideFrame":false,"render":false},"label":{"custom":false,"useLocalizations":false},"size":{"field":"inherit","label":"inherit"},"layout":{"label":{"valign":"inherit","align":"inherit"},"field":{"valign":"inherit","align":"inherit"}},"annotations":{},"field":{"input":{"hideTime":false,"dateFormat":"","hideDate":false}}}},{"name":"Any event","localizedName":"Any event","localizedNames":{"en":"Any event","sv":"Ospecificerad händelse"},"localizedDescriptions":{"en":"Default, unspecified point in time or interval event which may be explicitly defined in a template or at run-time.","sv":"Ospecificerad standardhändelse vid en tidpunkt eller inom ett tidsintervall som explicit kan definieras i en mall eller genereras automatiskt av vissa IT-system."},"rmType":"EVENT","nodeId":"at0002","min":0,"max":-1,"aqlPath":"/content[openEHR-EHR-SECTION.adhoc.v1 and name/value='Vital parameters']/items[openEHR-EHR-OBSERVATION.respiration.v2]/data[at0001]/events[at0002]","inputs":[],"formId":"pre-procurement-demo/vital_parameters@Vital parameters/respiration/any_event","viewConfig":{"multiplicity":{"min":0,"max":-1},"advanced":{"hidden":false,"readonly":false,"hideFrame":false,"render":false},"label":{"custom":false,"useLocalizations":false},"size":{"field":"inherit","label":"inherit"},"layout":{"label":{"valign":"inherit","align":"inherit"},"field":{"valign":"inherit","align":"inherit"}},"annotations":{}},"children":[{"name":"Presence","localizedName":"Presence","localizedNames":{"en":"Presence","sv":"Förekomst"},"localizedDescriptions":{"en":"Observation of spontaneous respiration.","sv":"Observation av spontanandning."},"rmType":"DV_CODED_TEXT","nodeId":"at0062","min":0,"max":1,"aqlPath":"/content[openEHR-EHR-SECTION.adhoc.v1 and name/value='Vital parameters']/items[openEHR-EHR-OBSERVATION.respiration.v2]/data[at0001]/events[at0002]/data[at0003]/items[at0062]/value","inputs":[{"suffix":"code","type":"CODED_TEXT","list":[{"value":"at0063","label":"Present","ordinal":0,"localizedLabels":{"en":"Present","sv":"Förekommer"},"localizedDescriptions":{"en":"Respiratory movements are observed.","sv":"Andningsrörelser observeras."}},{"value":"at0064","label":"Not detected","ordinal":0,"localizedLabels":{"en":"Not detected","sv":"Ej möjlig att upptäcka"},"localizedDescriptions":{"en":"Respiratory movements are not detected on observation.","sv":"Andningsrörelser kan inte upptäckas genom observation."}}],"listOpen":false}],"formId":"pre-procurement-demo/vital_parameters@Vital parameters/respiration/any_event/presence","viewConfig":{"multiplicity":{"min":0,"max":1},"advanced":{"hidden":false,"readonly":false,"hideFrame":false,"render":false},"label":{"custom":false,"useLocalizations":false},"size":{"field":"inherit","label":"inherit"},"layout":{"label":{"valign":"inherit","align":"inherit"},"field":{"valign":"inherit","align":"inherit"}},"annotations":{},"field":{"code":{"presentation":"combobox","columns":"2"}}}},{"name":"Rate","localizedName":"Rate","localizedNames":{"en":"Rate","sv":"Frekvens"},"localizedDescriptions":{"en":"The frequency of spontaneous breathing.","sv":"Spontanandningens frekvens."},"rmType":"DV_QUANTITY","nodeId":"at0004","min":0,"max":1,"aqlPath":"/content[openEHR-EHR-SECTION.adhoc.v1 and name/value='Vital parameters']/items[openEHR-EHR-OBSERVATION.respiration.v2]/data[at0001]/events[at0002]/data[at0003]/items[at0004]/value","inputs":[{"suffix":"magnitude","type":"DECIMAL","defaultValue":"","listOpen":false},{"suffix":"unit","type":"CODED_TEXT","list":[{"value":"/min","label":"/min","validation":{"range":{"minOp":">=","min":0.0,"maxOp":"<=","max":200.0},"precision":{"minOp":">=","min":0.0,"maxOp":"<=","max":0.0}},"ordinal":0,"localizedLabels":{},"localizedDescriptions":{}}],"listOpen":false}],"formId":"pre-procurement-demo/vital_parameters@Vital parameters/respiration/any_event/rate","viewConfig":{"multiplicity":{"min":0,"max":1},"advanced":{"hidden":false,"readonly":false,"hideFrame":false,"render":false},"label":{"custom":false,"useLocalizations":false},"size":{"field":"inherit","label":"inherit"},"layout":{"label":{"valign":"inherit","align":"inherit"},"field":{"valign":"inherit","align":"inherit"}},"annotations":{},"field":{}}},{"name":"Inspired oxygen","localizedName":"Inspired oxygen","localizedNames":{"en":"Inspired oxygen","sv":"Tillfört syre"},"localizedDescriptions":{"en":"The amount of oxygen being delivered, or to be delivered, to the patient given as a fraction, percentage or indirectly as a flow rate.","sv":"Mängden syre som tillförs eller som ska tillföras patienten, angiven som andel, procent eller indirekt som en flödeshastighet."},"rmType":"CLUSTER","nodeId":"openEHR-EHR-CLUSTER.inspired_oxygen.v1","min":0,"max":1,"aqlPath":"/content[openEHR-EHR-SECTION.adhoc.v1 and name/value='Vital parameters']/items[openEHR-EHR-OBSERVATION.respiration.v2]/data[at0001]/events[at0002]/state[at0022]/items[openEHR-EHR-CLUSTER.inspired_oxygen.v1]","inputs":[],"formId":"pre-procurement-demo/vital_parameters@Vital parameters/respiration/any_event/inspired_oxygen","viewConfig":{"multiplicity":{"min":0,"max":1},"advanced":{"hidden":false,"readonly":false,"hideFrame":false,"render":false},"label":{"custom":false,"useLocalizations":false},"size":{"field":"inherit","label":"inherit"},"layout":{"label":{"valign":"inherit","align":"inherit"},"field":{"valign":"inherit","align":"inherit"}},"annotations":{},"field":{}},"children":[{"name":"Flow rate","localizedName":"Flow rate","localizedNames":{"en":"Flow rate","sv":"Flödeshastighet"},"localizedDescriptions":{"en":"Oxygen flow rate given to an individual.","sv":"Flödeshastigheten för det syre som ges till en individ."},"rmType":"DV_QUANTITY","nodeId":"at0051","min":0,"max":1,"aqlPath":"/content[openEHR-EHR-SECTION.adhoc.v1 and name/value='Vital parameters']/items[openEHR-EHR-OBSERVATION.respiration.v2]/data[at0001]/events[at0002]/state[at0022]/items[openEHR-EHR-CLUSTER.inspired_oxygen.v1]/items[at0051]/value","inputs":[{"suffix":"magnitude","type":"DECIMAL","defaultValue":"","listOpen":false},{"suffix":"unit","type":"CODED_TEXT","list":[{"value":"ml/min","label":"ml/min","validation":{"range":{"minOp":">=","min":0.0,"maxOp":"<=","max":50000.0},"precision":{"minOp":">=","min":2.0,"maxOp":"<=","max":2.0}},"ordinal":0,"localizedLabels":{},"localizedDescriptions":{}},{"value":"l/min","label":"l/min","validation":{"range":{"minOp":">=","min":0.0,"maxOp":"<=","max":50.0},"precision":{"minOp":">=","min":2.0,"maxOp":"<=","max":2.0}},"ordinal":0,"localizedLabels":{},"localizedDescriptions":{}}],"listOpen":false}],"formId":"pre-procurement-demo/vital_parameters@Vital parameters/respiration/any_event/inspired_oxygen/flow_rate","viewConfig":{"multiplicity":{"min":0,"max":1},"advanced":{"hidden":false,"readonly":false,"hideFrame":false,"render":false},"label":{"custom":false,"useLocalizations":false},"size":{"field":"inherit","label":"inherit"},"layout":{"label":{"valign":"inherit","align":"inherit"},"field":{"valign":"inherit","align":"inherit"}},"annotations":{},"field":{}}},{"name":"On air","localizedName":"On air","localizedNames":{"en":"On air","sv":"Enbart luft"},"localizedDescriptions":{"en":"The patient is receiving air, equivalent to 21% O₂ or 0.21 FiO₂ and an oxygen flow rate of 0 litres per minute.","sv":"Patienten får luft motsvarande 21% eller 0,21 FiO₂ syrehalt och en flödeshastighet av 0 liter syre per minut."},"rmType":"DV_BOOLEAN","nodeId":"at0057","min":0,"max":1,"aqlPath":"/content[openEHR-EHR-SECTION.adhoc.v1 and name/value='Vital parameters']/items[openEHR-EHR-OBSERVATION.respiration.v2]/data[at0001]/events[at0002]/state[at0022]/items[openEHR-EHR-CLUSTER.inspired_oxygen.v1]/items[at0057]/value","inputs":[{"type":"BOOLEAN","defaultValue":"False","listOpen":false}],"formId":"pre-procurement-demo/vital_parameters@Vital parameters/respiration/any_event/inspired_oxygen/on_air","viewConfig":{"multiplicity":{"min":0,"max":1},"advanced":{"hidden":false,"readonly":false,"hideFrame":false,"render":false},"label":{"custom":false,"useLocalizations":false},"size":{"field":"inherit","label":"inherit"},"layout":{"label":{"valign":"inherit","align":"inherit"},"field":{"valign":"inherit","align":"inherit"}},"annotations":{},"field":{"input":{"threeState":false}}}}]},{"name":"Time","localizedName":"Time","localizedNames":{"en":"Time","sv":"*Time (sv)"},"localizedDescriptions":{},"rmType":"DV_DATE_TIME","min":0,"max":1,"aqlPath":"/content[openEHR-EHR-SECTION.adhoc.v1 and name/value='Vital parameters']/items[openEHR-EHR-OBSERVATION.respiration.v2]/data[at0001]/events[at0002]/time","inputs":[{"type":"DATETIME","listOpen":false}],"formId":"pre-procurement-demo/vital_parameters@Vital parameters/respiration/any_event/time","viewConfig":{"multiplicity":{"min":0,"max":1},"advanced":{"hidden":false,"readonly":false,"hideFrame":false,"render":false},"label":{"custom":false,"useLocalizations":false},"size":{"field":"inherit","label":"inherit"},"layout":{"label":{"valign":"inherit","align":"inherit"},"field":{"valign":"inherit","align":"inherit"}},"annotations":{},"field":{"input":{"hideTime":false,"dateFormat":"","hideDate":false}}}}]},{"name":"other_participations","localizedName":"other_participations","localizedNames":{"en":"other_participations","sv":"*other_participations (sv)"},"localizedDescriptions":{},"rmType":"PARTICIPATION","min":0,"max":-1,"aqlPath":"/content[openEHR-EHR-SECTION.adhoc.v1 and name/value='Vital parameters']/items[openEHR-EHR-OBSERVATION.respiration.v2]/other_participations","inputs":[],"formId":"pre-procurement-demo/vital_parameters@Vital parameters/respiration/other_participations","viewConfig":{"multiplicity":{"min":0,"max":-1},"advanced":{"hidden":false,"readonly":false,"hideFrame":false,"render":false},"label":{"custom":false,"useLocalizations":false},"size":{"field":"inherit","label":"inherit"},"layout":{"label":{"valign":"inherit","align":"inherit"},"field":{"valign":"inherit","align":"inherit"}},"annotations":{},"field":{"name":null}},"children":[{"name":"function","localizedName":"function","localizedNames":{"en":"function","sv":"*function (sv)"},"localizedDescriptions":{},"rmType":"DV_TEXT","min":1,"max":1,"aqlPath":"/content[openEHR-EHR-SECTION.adhoc.v1 and name/value='Vital parameters']/items[openEHR-EHR-OBSERVATION.respiration.v2]/other_participations/function","inputs":[{"type":"TEXT","list":[],"listOpen":false}],"formId":"pre-procurement-demo/vital_parameters@Vital parameters/respiration/other_participations/function","viewConfig":{"multiplicity":{"min":1,"max":1},"advanced":{"hidden":false,"readonly":false,"hideFrame":false,"render":false},"label":{"custom":false,"useLocalizations":false},"size":{"field":"inherit","label":"inherit"},"layout":{"label":{"valign":"inherit","align":"inherit"},"field":{"valign":"inherit","align":"inherit"}},"datasource":{"loadRemote":false,"parameters":{}},"annotations":{},"field":{"lines":null,"input":{},"formatting":null}}},{"name":"performer","localizedName":"performer","localizedNames":{"en":"performer","sv":"*performer (sv)"},"localizedDescriptions":{},"rmType":"PARTY_IDENTIFIED","min":1,"max":1,"aqlPath":"/content[openEHR-EHR-SECTION.adhoc.v1 and name/value='Vital parameters']/items[openEHR-EHR-OBSERVATION.respiration.v2]/other_participations/performer","inputs":[],"formId":"pre-procurement-demo/vital_parameters@Vital parameters/respiration/other_participations/performer","viewConfig":{"multiplicity":{"min":1,"max":1},"advanced":{"hidden":false,"readonly":false,"hideFrame":false,"render":false},"label":{"custom":false,"useLocalizations":false},"size":{"field":"inherit","label":"inherit"},"layout":{"label":{"valign":"inherit","align":"inherit"},"field":{"valign":"inherit","align":"inherit"}},"annotations":{},"field":{"name":null}}},{"name":"mode","localizedName":"mode","localizedNames":{"en":"mode","sv":"*mode (sv)"},"localizedDescriptions":{},"rmType":"DV_CODED_TEXT","min":0,"max":1,"aqlPath":"/content[openEHR-EHR-SECTION.adhoc.v1 and name/value='Vital parameters']/items[openEHR-EHR-OBSERVATION.respiration.v2]/other_participations/mode","inputs":[{"suffix":"code","type":"CODED_TEXT","list":[],"listOpen":false}],"formId":"pre-procurement-demo/vital_parameters@Vital parameters/respiration/other_participations/mode","viewConfig":{"multiplicity":{"min":0,"max":1},"advanced":{"hidden":false,"readonly":false,"hideFrame":false,"render":false},"label":{"custom":false,"useLocalizations":false},"size":{"field":"inherit","label":"inherit"},"layout":{"label":{"valign":"inherit","align":"inherit"},"field":{"valign":"inherit","align":"inherit"}},"annotations":{},"field":{}}},{"name":"time","localizedName":"time","localizedNames":{"en":"time","sv":"*time (sv)"},"localizedDescriptions":{},"rmType":"DV_INTERVAL<DV_DATE_TIME>","min":0,"max":1,"aqlPath":"/content[openEHR-EHR-SECTION.adhoc.v1 and name/value='Vital parameters']/items[openEHR-EHR-OBSERVATION.respiration.v2]/other_participations/time","inputs":[],"formId":"pre-procurement-demo/vital_parameters@Vital parameters/respiration/other_participations/time","viewConfig":{"multiplicity":{"min":0,"max":1},"advanced":{"hidden":false,"readonly":false,"hideFrame":false,"render":false},"label":{"custom":false,"useLocalizations":false},"size":{"field":"inherit","label":"inherit"},"layout":{"label":{"valign":"inherit","align":"inherit"},"field":{"valign":"inherit","align":"inherit"}},"annotations":{}},"children":[{"localizedNames":{},"localizedDescriptions":{},"rmType":"DV_DATE_TIME","min":0,"max":0,"aqlPath":"/content[openEHR-EHR-SECTION.adhoc.v1 and name/value='Vital parameters']/items[openEHR-EHR-OBSERVATION.respiration.v2]/other_participations/time/upper","inputs":[{"type":"DATETIME","listOpen":false}],"formId":"pre-procurement-demo/vital_parameters@Vital parameters/respiration/other_participations/time/upper","viewConfig":{"annotations":{},"field":{"input":{"hideTime":false,"dateFormat":"","hideDate":false}}}},{"localizedNames":{},"localizedDescriptions":{},"rmType":"DV_DATE_TIME","min":0,"max":0,"aqlPath":"/content[openEHR-EHR-SECTION.adhoc.v1 and name/value='Vital parameters']/items[openEHR-EHR-OBSERVATION.respiration.v2]/other_participations/time/lower","inputs":[{"type":"DATETIME","listOpen":false}],"formId":"pre-procurement-demo/vital_parameters@Vital parameters/respiration/other_participations/time/lower","viewConfig":{"annotations":{},"field":{"input":{"hideTime":false,"dateFormat":"","hideDate":false}}}}]}]},{"name":"provider","localizedName":"provider","localizedNames":{"en":"provider","sv":"*provider (sv)"},"localizedDescriptions":{},"rmType":"PARTY_IDENTIFIED","min":0,"max":1,"aqlPath":"/content[openEHR-EHR-SECTION.adhoc.v1 and name/value='Vital parameters']/items[openEHR-EHR-OBSERVATION.respiration.v2]/provider","inputs":[],"formId":"pre-procurement-demo/vital_parameters@Vital parameters/respiration/other_participations/provider","viewConfig":{"multiplicity":{"min":0,"max":1},"advanced":{"hidden":false,"readonly":false,"hideFrame":false,"render":false},"label":{"custom":false,"useLocalizations":false},"size":{"field":"inherit","label":"inherit"},"layout":{"label":{"valign":"inherit","align":"inherit"},"field":{"valign":"inherit","align":"inherit"}},"annotations":{},"field":{"name":null}}}]},{"name":"Pulse/Heart beat","localizedName":"Pulse/Heart beat","localizedNames":{"en":"Pulse/Heart beat","sv":"Puls/Hjärtfrekvens"},"localizedDescriptions":{"en":"The rate and associated attributes for a pulse or heart beat.","sv":"*The rate and associated attributes for a pulse or heart beat. (en)"},"rmType":"OBSERVATION","nodeId":"openEHR-EHR-OBSERVATION.pulse.v2","min":0,"max":-1,"aqlPath":"/content[openEHR-EHR-SECTION.adhoc.v1 and name/value='Vital parameters']/items[openEHR-EHR-OBSERVATION.pulse.v2]","inputs":[],"formId":"pre-procurement-demo/vital_parameters@Vital parameters/pulse_heart_beat","viewConfig":{"multiplicity":{"min":0,"max":-1},"advanced":{"hidden":false,"readonly":false,"hideFrame":false,"render":false},"label":{"custom":false,"useLocalizations":false},"size":{"field":"inherit","label":"inherit"},"layout":{"label":{"valign":"inherit","align":"inherit"},"field":{"valign":"inherit","align":"inherit"}},"annotations":{},"field":{}},"children":[{"name":"Origin","localizedName":"Origin","localizedNames":{"en":"Origin","sv":"*Origin (sv)"},"localizedDescriptions":{},"rmType":"DV_DATE_TIME","min":0,"max":1,"aqlPath":"/content[openEHR-EHR-SECTION.adhoc.v1 and name/value='Vital parameters']/items[openEHR-EHR-OBSERVATION.pulse.v2]/data[at0002]/origin","inputs":[{"type":"DATETIME","listOpen":false}],"formId":"pre-procurement-demo/vital_parameters@Vital parameters/pulse_heart_beat/history/origin","viewConfig":{"multiplicity":{"min":0,"max":1},"advanced":{"hidden":false,"readonly":false,"hideFrame":false,"render":false},"label":{"custom":false,"useLocalizations":false},"size":{"field":"inherit","label":"inherit"},"layout":{"label":{"valign":"inherit","align":"inherit"},"field":{"valign":"inherit","align":"inherit"}},"annotations":{},"field":{"input":{"hideTime":false,"dateFormat":"","hideDate":false}}}},{"name":"Any event","localizedName":"Any event","localizedNames":{"en":"Any event","sv":"Ospecificerad händelse"},"localizedDescriptions":{"en":"Default, unspecified point in time or interval event which may be explicitly defined in a template or at run-time.","sv":"Standardmässig ospecificerad tidpunkt eller tidsintervall som kan anges explicit i en mall, eller genereras automatiskt av vissa IT-system."},"rmType":"POINT_EVENT","nodeId":"at0003","min":0,"max":-1,"aqlPath":"/content[openEHR-EHR-SECTION.adhoc.v1 and name/value='Vital parameters']/items[openEHR-EHR-OBSERVATION.pulse.v2]/data[at0002]/events[at0003]","inputs":[],"formId":"pre-procurement-demo/vital_parameters@Vital parameters/pulse_heart_beat/any_event","viewConfig":{"multiplicity":{"min":0,"max":-1},"advanced":{"hidden":false,"readonly":false,"hideFrame":false,"render":false},"label":{"custom":false,"useLocalizations":false},"size":{"field":"inherit","label":"inherit"},"layout":{"label":{"valign":"inherit","align":"inherit"},"field":{"valign":"inherit","align":"inherit"}},"annotations":{}},"children":[{"name":"Rate","localizedName":"Rate","localizedNames":{"en":"Rate","sv":"Frekvens"},"localizedDescriptions":{"en":"The rate of the pulse or heart beat, measured in beats per minute.","sv":"*The rate of the pulse or heart beat, measured in beats per minute. (en)"},"rmType":"DV_QUANTITY","nodeId":"at0004","min":0,"max":1,"aqlPath":"/content[openEHR-EHR-SECTION.adhoc.v1 and name/value='Vital parameters']/items[openEHR-EHR-OBSERVATION.pulse.v2]/data[at0002]/events[at0003]/data[at0001]/items[at0004]/value","inputs":[{"suffix":"magnitude","type":"DECIMAL","defaultValue":"","listOpen":false},{"suffix":"unit","type":"CODED_TEXT","list":[{"value":"/min","label":"/min","validation":{"range":{"minOp":">=","min":0.0,"maxOp":"<","max":1000.0},"precision":{"minOp":">=","min":0.0,"maxOp":"<=","max":0.0}},"ordinal":0,"localizedLabels":{},"localizedDescriptions":{}}],"listOpen":false}],"formId":"pre-procurement-demo/vital_parameters@Vital parameters/pulse_heart_beat/any_event/rate","viewConfig":{"multiplicity":{"min":0,"max":1},"advanced":{"hidden":false,"readonly":false,"hideFrame":false,"render":false},"label":{"custom":false,"useLocalizations":false},"size":{"field":"inherit","label":"inherit"},"layout":{"label":{"valign":"inherit","align":"inherit"},"field":{"valign":"inherit","align":"inherit"}},"annotations":{},"field":{}}},{"name":"Regularity","localizedName":"Regularity","localizedNames":{"en":"Regularity","sv":"Regelbunden"},"localizedDescriptions":{"en":"Regularity of the pulse or heart beat.","sv":"Regelbunden puls eller regelbundna hjärtslag"},"rmType":"DV_CODED_TEXT","nodeId":"at0005","min":0,"max":1,"aqlPath":"/content[openEHR-EHR-SECTION.adhoc.v1 and name/value='Vital parameters']/items[openEHR-EHR-OBSERVATION.pulse.v2]/data[at0002]/events[at0003]/data[at0001]/items[at0005]/value","inputs":[{"suffix":"code","type":"CODED_TEXT","list":[{"value":"at0006","label":"Regular","ordinal":0,"localizedLabels":{"en":"Regular","sv":"Regelbunden"},"localizedDescriptions":{"en":"The pattern is regular.","sv":"Mönstret är regelbundet."}},{"value":"at1028","label":"Irregular","ordinal":0,"localizedLabels":{"en":"Irregular","sv":"Oregelbunden"},"localizedDescriptions":{"en":"The pattern is irregular.","sv":"Mönstret är oregelbundet."}}],"listOpen":false}],"formId":"pre-procurement-demo/vital_parameters@Vital parameters/pulse_heart_beat/any_event/regularity","viewConfig":{"multiplicity":{"min":0,"max":1},"advanced":{"hidden":false,"readonly":false,"hideFrame":false,"render":false},"label":{"custom":false,"useLocalizations":false},"size":{"field":"inherit","label":"inherit"},"layout":{"label":{"valign":"inherit","align":"inherit"},"field":{"valign":"inherit","align":"inherit"}},"annotations":{},"field":{"code":{"presentation":"combobox","columns":"2"}}}},{"name":"Irregular type","localizedName":"Irregular type","localizedNames":{"en":"Irregular type","sv":"Oregelbunden typ"},"localizedDescriptions":{"en":"More specific pattern of an irregular pulse or heart beat.","sv":"Ett mer specifikt mönster av oregelbunden puls eller oregelbundna hjärtslag."},"rmType":"DV_CODED_TEXT","nodeId":"at1055","min":0,"max":1,"aqlPath":"/content[openEHR-EHR-SECTION.adhoc.v1 and name/value='Vital parameters']/items[openEHR-EHR-OBSERVATION.pulse.v2]/data[at0002]/events[at0003]/data[at0001]/items[at1055]/value","inputs":[{"suffix":"code","type":"CODED_TEXT","list":[{"value":"at0007","label":"Regularly Irregular","ordinal":0,"localizedLabels":{"en":"Regularly Irregular","sv":"Regelbundet oregelbunden"},"localizedDescriptions":{"en":"The pattern is irregular in a regular pattern,. For example, a dropped beat once every 'n' beats.","sv":"Mönstret är oregelbundet i ett regelbundet mönster, exempelvis ett överhoppat hjärtslag var N:te slag."}},{"value":"at0008","label":"Irregularly Irregular","ordinal":0,"localizedLabels":{"en":"Irregularly Irregular","sv":"Oregelbundet oregelbunden"},"localizedDescriptions":{"en":"The pattern is irregular in a chaotic and unpredictable manner. For example, atrial fibrillation.","sv":"Mönstret är oregelbundet på ett kaotiskt och oförutsägbart sätt, exempelvis förmaksflimmer."}}],"listOpen":false}],"formId":"pre-procurement-demo/vital_parameters@Vital parameters/pulse_heart_beat/any_event/irregular_type","viewConfig":{"multiplicity":{"min":0,"max":1},"advanced":{"hidden":false,"readonly":false,"hideFrame":false,"render":false},"label":{"custom":false,"useLocalizations":false},"size":{"field":"inherit","label":"inherit"},"layout":{"label":{"valign":"inherit","align":"inherit"},"field":{"valign":"inherit","align":"inherit"}},"annotations":{},"field":{"code":{"presentation":"combobox","columns":"2"}}}},{"name":"Time","localizedName":"Time","localizedNames":{"en":"Time","sv":"*Time (sv)"},"localizedDescriptions":{},"rmType":"DV_DATE_TIME","min":0,"max":1,"aqlPath":"/content[openEHR-EHR-SECTION.adhoc.v1 and name/value='Vital parameters']/items[openEHR-EHR-OBSERVATION.pulse.v2]/data[at0002]/events[at0003]/time","inputs":[{"type":"DATETIME","listOpen":false}],"formId":"pre-procurement-demo/vital_parameters@Vital parameters/pulse_heart_beat/any_event/time","viewConfig":{"multiplicity":{"min":0,"max":1},"advanced":{"hidden":false,"readonly":false,"hideFrame":false,"render":false},"label":{"custom":false,"useLocalizations":false},"size":{"field":"inherit","label":"inherit"},"layout":{"label":{"valign":"inherit","align":"inherit"},"field":{"valign":"inherit","align":"inherit"}},"annotations":{},"field":{"input":{"hideTime":false,"dateFormat":"","hideDate":false}}}}]},{"name":"Method","localizedName":"Method","localizedNames":{"en":"Method","sv":"Metod"},"localizedDescriptions":{"en":"Method used to observe the pulse or heart beat.","sv":"Metod som används för att observera pulsen eller hjärtslagen."},"rmType":"DV_CODED_TEXT","nodeId":"at1019","min":0,"max":1,"aqlPath":"/content[openEHR-EHR-SECTION.adhoc.v1 and name/value='Vital parameters']/items[openEHR-EHR-OBSERVATION.pulse.v2]/protocol[at0010]/items[at1019]/value","inputs":[{"suffix":"code","type":"CODED_TEXT","list":[{"value":"at1032","label":"Palpation","ordinal":0,"localizedLabels":{"en":"Palpation","sv":"Palpation"},"localizedDescriptions":{"en":"The findings are observed by physical touch of the observer on the subject.","sv":"Läkare eller sjuksköterska observerar fynden genom fysisk beröring av patienten."}},{"value":"at1033","label":"Auscultation","ordinal":0,"localizedLabels":{"en":"Auscultation","sv":"Auskultation"},"localizedDescriptions":{"en":"The findings are observed with the assistance of a device, such as a stethoscope.","sv":"Fynden observeras med ett hjälpmedel, exempelvis ett stetoskop."}},{"value":"at1034","label":"Automatic, non-invasive","ordinal":0,"localizedLabels":{"en":"Automatic, non-invasive","sv":"Automatisk, icke-invasiv"},"localizedDescriptions":{"en":"The findings are observed non-invasively using a device such as a pulse oximeter or a stethoscope.","sv":"Fynden observeras icke-invasivt med hjälp av utrustning såsom en pulsoximeter eller ett stetoskop."}},{"value":"at1050","label":"Automatic, invasive","ordinal":0,"localizedLabels":{"en":"Automatic, invasive","sv":"Automatisk, invasiv"},"localizedDescriptions":{"en":"The findings are observed invasively using a device such as an arterial catheter.","sv":"Fynden observeras invasivt med hjälp av utrustning såsom en arteriell kateter."}}],"listOpen":false}],"formId":"pre-procurement-demo/vital_parameters@Vital parameters/pulse_heart_beat/method","viewConfig":{"multiplicity":{"min":0,"max":1},"advanced":{"hidden":false,"readonly":false,"hideFrame":false,"render":false},"label":{"custom":false,"useLocalizations":false},"size":{"field":"inherit","label":"inherit"},"layout":{"label":{"valign":"inherit","align":"inherit"},"field":{"valign":"inherit","align":"inherit"}},"annotations":{},"field":{"code":{"presentation":"combobox","columns":"4"}}}},{"name":"Body site","localizedName":"Body site","localizedNames":{"en":"Body site","sv":"Lokalisation"},"localizedDescriptions":{"en":"Body site where the pulse or heart beat were observed.","sv":"Lokalisation där pulsen eller hjärtslagen observerades."},"rmType":"ELEMENT","nodeId":"at1037","min":0,"max":1,"aqlPath":"/content[openEHR-EHR-SECTION.adhoc.v1 and name/value='Vital parameters']/items[openEHR-EHR-OBSERVATION.pulse.v2]/protocol[at0010]/items[at1037]","inputs":[],"formId":"pre-procurement-demo/vital_parameters@Vital parameters/pulse_heart_beat/body_site","viewConfig":{"multiplicity":{"min":0,"max":1},"advanced":{"hidden":false,"readonly":false,"hideFrame":false,"render":false},"label":{"custom":false,"useLocalizations":false},"size":{"field":"inherit","label":"inherit"},"layout":{"label":{"valign":"inherit","align":"inherit"},"field":{"valign":"inherit","align":"inherit"}},"annotations":{}},"children":[{"name":"Body site","localizedName":"Body site","localizedNames":{"en":"Body site","sv":"Lokalisation"},"localizedDescriptions":{"en":"Body site where the pulse or heart beat were observed.","sv":"Lokalisation där pulsen eller hjärtslagen observerades."},"rmType":"DV_CODED_TEXT","min":1,"max":1,"aqlPath":"/content[openEHR-EHR-SECTION.adhoc.v1 and name/value='Vital parameters']/items[openEHR-EHR-OBSERVATION.pulse.v2]/protocol[at0010]/items[at1037]/value","inputs":[{"suffix":"code","type":"CODED_TEXT","list":[{"value":"at1038","label":"Radial Artery - Left","ordinal":0,"localizedLabels":{"en":"Radial Artery - Left","sv":"Strålbensartär - Vänster"},"localizedDescriptions":{"en":"The left radial artery.","sv":"Vänster strålbensartär."}},{"value":"at1039","label":"Radial Artery - Right","ordinal":0,"localizedLabels":{"en":"Radial Artery - Right","sv":"Strålbensartär - Höger"},"localizedDescriptions":{"en":"The right radial artery.","sv":"Höger strålbensartär."}},{"value":"at1040","label":"Heart","ordinal":0,"localizedLabels":{"en":"Heart","sv":"Hjärt"},"localizedDescriptions":{"en":"The region of the heart.","sv":"Hjärttrakten."}},{"value":"at1041","label":"Carotid Artery - Left","ordinal":0,"localizedLabels":{"en":"Carotid Artery - Left","sv":"Halsartär - Vänster"},"localizedDescriptions":{"en":"The left carotid artery.","sv":"Vänster halsartär."}},{"value":"at1042","label":"Carotid Artery - Right","ordinal":0,"localizedLabels":{"en":"Carotid Artery - Right","sv":"Halsartär - Höger"},"localizedDescriptions":{"en":"The right carotid artery.","sv":"Höger halsartär."}},{"value":"at1043","label":"Femoral Artery - Left","ordinal":0,"localizedLabels":{"en":"Femoral Artery - Left","sv":"Lårbensartär - Vänster"},"localizedDescriptions":{"en":"The left femoral artery.","sv":"Vänster lårbensartär."}},{"value":"at1044","label":"Femoral Artery - Right","ordinal":0,"localizedLabels":{"en":"Femoral Artery - Right","sv":"Lårbensartär- Höger"},"localizedDescriptions":{"en":"The right femoral artery.","sv":"Höger lårbensartär."}},{"value":"at1049","label":"Brachial artery - Right","ordinal":0,"localizedLabels":{"en":"Brachial artery - Right","sv":"Armartär - Höger"},"localizedDescriptions":{"en":"The right brachial artery.","sv":"Höger armartär."}},{"value":"at1048","label":"Brachial artery - Left","ordinal":0,"localizedLabels":{"en":"Brachial artery - Left","sv":"Armartär - Vänster"},"localizedDescriptions":{"en":"The left brachial artery.","sv":"Vänster armartär."}},{"value":"at1047","label":"Finger","ordinal":0,"localizedLabels":{"en":"Finger","sv":"Finger"},"localizedDescriptions":{"en":"An unspecified finger.","sv":"Ett ospecificerat finger."}},{"value":"at1054","label":"Toe","ordinal":0,"localizedLabels":{"en":"Toe","sv":"Tå"},"localizedDescriptions":{"en":"An unspecified toe.","sv":"En ospecificerad tå."}},{"value":"at1051","label":"Ear lobe","ordinal":0,"localizedLabels":{"en":"Ear lobe","sv":"Örsnibb"},"localizedDescriptions":{"en":"The lobe of an unspecified ear.","sv":"En ospecificerad örsnibb."}}],"listOpen":false}],"formId":"pre-procurement-demo/vital_parameters@Vital parameters/pulse_heart_beat/body_site/value","viewConfig":{"multiplicity":{"min":1,"max":1},"advanced":{"hidden":false,"readonly":false,"hideFrame":false,"render":false},"label":{"custom":false,"useLocalizations":false},"size":{"field":"inherit","label":"inherit"},"layout":{"label":{"valign":"inherit","align":"inherit"},"field":{"valign":"inherit","align":"inherit"}},"annotations":{},"field":{"code":{"presentation":"combobox","columns":"12"}}}},{"name":"Body site","localizedName":"Body site","localizedNames":{"en":"Body site","sv":"Lokalisation"},"localizedDescriptions":{"en":"Body site where the pulse or heart beat were observed.","sv":"Lokalisation där pulsen eller hjärtslagen observerades."},"rmType":"DV_TEXT","min":1,"max":1,"aqlPath":"/content[openEHR-EHR-SECTION.adhoc.v1 and name/value='Vital parameters']/items[openEHR-EHR-OBSERVATION.pulse.v2]/protocol[at0010]/items[at1037]/value","inputs":[{"type":"TEXT","list":[],"listOpen":false}],"formId":"pre-procurement-demo/vital_parameters@Vital parameters/pulse_heart_beat/body_site/value2","viewConfig":{"multiplicity":{"min":1,"max":1},"advanced":{"hidden":false,"readonly":false,"hideFrame":false,"render":false},"label":{"custom":false,"useLocalizations":false},"size":{"field":"inherit","label":"inherit"},"layout":{"label":{"valign":"inherit","align":"inherit"},"field":{"valign":"inherit","align":"inherit"}},"datasource":{"loadRemote":false,"parameters":{}},"annotations":{},"field":{"lines":null,"input":{},"formatting":null}}}]},{"name":"other_participations","localizedName":"other_participations","localizedNames":{"en":"other_participations","sv":"*other_participations (sv)"},"localizedDescriptions":{},"rmType":"PARTICIPATION","min":0,"max":-1,"aqlPath":"/content[openEHR-EHR-SECTION.adhoc.v1 and name/value='Vital parameters']/items[openEHR-EHR-OBSERVATION.pulse.v2]/other_participations","inputs":[],"formId":"pre-procurement-demo/vital_parameters@Vital parameters/pulse_heart_beat/other_participations","viewConfig":{"multiplicity":{"min":0,"max":-1},"advanced":{"hidden":false,"readonly":false,"hideFrame":false,"render":false},"label":{"custom":false,"useLocalizations":false},"size":{"field":"inherit","label":"inherit"},"layout":{"label":{"valign":"inherit","align":"inherit"},"field":{"valign":"inherit","align":"inherit"}},"annotations":{},"field":{"name":null}},"children":[{"name":"function","localizedName":"function","localizedNames":{"en":"function","sv":"*function (sv)"},"localizedDescriptions":{},"rmType":"DV_TEXT","min":1,"max":1,"aqlPath":"/content[openEHR-EHR-SECTION.adhoc.v1 and name/value='Vital parameters']/items[openEHR-EHR-OBSERVATION.pulse.v2]/other_participations/function","inputs":[{"type":"TEXT","list":[],"listOpen":false}],"formId":"pre-procurement-demo/vital_parameters@Vital parameters/pulse_heart_beat/other_participations/function","viewConfig":{"multiplicity":{"min":1,"max":1},"advanced":{"hidden":false,"readonly":false,"hideFrame":false,"render":false},"label":{"custom":false,"useLocalizations":false},"size":{"field":"inherit","label":"inherit"},"layout":{"label":{"valign":"inherit","align":"inherit"},"field":{"valign":"inherit","align":"inherit"}},"datasource":{"loadRemote":false,"parameters":{}},"annotations":{},"field":{"lines":null,"input":{},"formatting":null}}},{"name":"performer","localizedName":"performer","localizedNames":{"en":"performer","sv":"*performer (sv)"},"localizedDescriptions":{},"rmType":"PARTY_IDENTIFIED","min":1,"max":1,"aqlPath":"/content[openEHR-EHR-SECTION.adhoc.v1 and name/value='Vital parameters']/items[openEHR-EHR-OBSERVATION.pulse.v2]/other_participations/performer","inputs":[],"formId":"pre-procurement-demo/vital_parameters@Vital parameters/pulse_heart_beat/other_participations/performer","viewConfig":{"multiplicity":{"min":1,"max":1},"advanced":{"hidden":false,"readonly":false,"hideFrame":false,"render":false},"label":{"custom":false,"useLocalizations":false},"size":{"field":"inherit","label":"inherit"},"layout":{"label":{"valign":"inherit","align":"inherit"},"field":{"valign":"inherit","align":"inherit"}},"annotations":{},"field":{"name":null}}},{"name":"mode","localizedName":"mode","localizedNames":{"en":"mode","sv":"*mode (sv)"},"localizedDescriptions":{},"rmType":"DV_CODED_TEXT","min":0,"max":1,"aqlPath":"/content[openEHR-EHR-SECTION.adhoc.v1 and name/value='Vital parameters']/items[openEHR-EHR-OBSERVATION.pulse.v2]/other_participations/mode","inputs":[{"suffix":"code","type":"CODED_TEXT","list":[],"listOpen":false}],"formId":"pre-procurement-demo/vital_parameters@Vital parameters/pulse_heart_beat/other_participations/mode","viewConfig":{"multiplicity":{"min":0,"max":1},"advanced":{"hidden":false,"readonly":false,"hideFrame":false,"render":false},"label":{"custom":false,"useLocalizations":false},"size":{"field":"inherit","label":"inherit"},"layout":{"label":{"valign":"inherit","align":"inherit"},"field":{"valign":"inherit","align":"inherit"}},"annotations":{},"field":{}}},{"name":"time","localizedName":"time","localizedNames":{"en":"time","sv":"*time (sv)"},"localizedDescriptions":{},"rmType":"DV_INTERVAL<DV_DATE_TIME>","min":0,"max":1,"aqlPath":"/content[openEHR-EHR-SECTION.adhoc.v1 and name/value='Vital parameters']/items[openEHR-EHR-OBSERVATION.pulse.v2]/other_participations/time","inputs":[],"formId":"pre-procurement-demo/vital_parameters@Vital parameters/pulse_heart_beat/other_participations/time","viewConfig":{"multiplicity":{"min":0,"max":1},"advanced":{"hidden":false,"readonly":false,"hideFrame":false,"render":false},"label":{"custom":false,"useLocalizations":false},"size":{"field":"inherit","label":"inherit"},"layout":{"label":{"valign":"inherit","align":"inherit"},"field":{"valign":"inherit","align":"inherit"}},"annotations":{}},"children":[{"localizedNames":{},"localizedDescriptions":{},"rmType":"DV_DATE_TIME","min":0,"max":0,"aqlPath":"/content[openEHR-EHR-SECTION.adhoc.v1 and name/value='Vital parameters']/items[openEHR-EHR-OBSERVATION.pulse.v2]/other_participations/time/upper","inputs":[{"type":"DATETIME","listOpen":false}],"formId":"pre-procurement-demo/vital_parameters@Vital parameters/pulse_heart_beat/other_participations/time/upper","viewConfig":{"annotations":{},"field":{"input":{"hideTime":false,"dateFormat":"","hideDate":false}}}},{"localizedNames":{},"localizedDescriptions":{},"rmType":"DV_DATE_TIME","min":0,"max":0,"aqlPath":"/content[openEHR-EHR-SECTION.adhoc.v1 and name/value='Vital parameters']/items[openEHR-EHR-OBSERVATION.pulse.v2]/other_participations/time/lower","inputs":[{"type":"DATETIME","listOpen":false}],"formId":"pre-procurement-demo/vital_parameters@Vital parameters/pulse_heart_beat/other_participations/time/lower","viewConfig":{"annotations":{},"field":{"input":{"hideTime":false,"dateFormat":"","hideDate":false}}}}]}]},{"name":"provider","localizedName":"provider","localizedNames":{"en":"provider","sv":"*provider (sv)"},"localizedDescriptions":{},"rmType":"PARTY_IDENTIFIED","min":0,"max":1,"aqlPath":"/content[openEHR-EHR-SECTION.adhoc.v1 and name/value='Vital parameters']/items[openEHR-EHR-OBSERVATION.pulse.v2]/provider","inputs":[],"formId":"pre-procurement-demo/vital_parameters@Vital parameters/pulse_heart_beat/other_participations/provider","viewConfig":{"multiplicity":{"min":0,"max":1},"advanced":{"hidden":false,"readonly":false,"hideFrame":false,"render":false},"label":{"custom":false,"useLocalizations":false},"size":{"field":"inherit","label":"inherit"},"layout":{"label":{"valign":"inherit","align":"inherit"},"field":{"valign":"inherit","align":"inherit"}},"annotations":{},"field":{"name":null}}}]}]},{"name":"NEWS (UK RCP)","localizedName":"NEWS (UK RCP)","localizedNames":{"en":"NEWS (UK RCP)","sv":"NEWS"},"localizedDescriptions":{"en":"NEWS (National Early Warning Score) is a simple score used to provide an objective indication of a patient's degree of clinical deterioration. This version follows guidance issued by the UK Royal College of Physicians.","sv":"NEWS (National Early Warning Score) är en poängskala som används för att ge en objektiv indikation om försämring av patientens kliniska status. Denna version följer riktlinjer utfärdade av UK Royal College of Physicians."},"rmType":"OBSERVATION","nodeId":"openEHR-EHR-OBSERVATION.news_uk_rcp.v1","min":0,"max":-1,"aqlPath":"/content[openEHR-EHR-OBSERVATION.news_uk_rcp.v1]","inputs":[],"formId":"pre-procurement-demo/news_(uk_rcp)","viewConfig":{"multiplicity":{"min":0,"max":-1},"advanced":{"hidden":false,"readonly":false,"hideFrame":false,"render":false},"label":{"custom":false,"useLocalizations":false},"size":{"field":"inherit","label":"inherit"},"layout":{"label":{"valign":"inherit","align":"inherit"},"field":{"valign":"inherit","align":"inherit"}},"annotations":{},"field":{}},"children":[{"name":"Origin","localizedName":"Origin","localizedNames":{"en":"Origin","sv":"*Origin (sv)"},"localizedDescriptions":{},"rmType":"DV_DATE_TIME","min":0,"max":1,"aqlPath":"/content[openEHR-EHR-OBSERVATION.news_uk_rcp.v1]/data[at0001]/origin","inputs":[{"type":"DATETIME","listOpen":false}],"formId":"pre-procurement-demo/news_(uk_rcp)/event_series/origin","viewConfig":{"multiplicity":{"min":0,"max":1},"advanced":{"hidden":false,"readonly":false,"hideFrame":false,"render":false},"label":{"custom":false,"useLocalizations":false},"size":{"field":"inherit","label":"inherit"},"layout":{"label":{"valign":"inherit","align":"inherit"},"field":{"valign":"inherit","align":"inherit"}},"annotations":{},"field":{"input":{"hideTime":false,"dateFormat":"","hideDate":false}}}},{"name":"Point in time","localizedName":"Point in time","localizedNames":{"en":"Point in time","sv":"Tidpunkt"},"localizedDescriptions":{"en":"A specific date and/or time which may be explicitly defined in a template or at run-time.","sv":"Den specifika tidpunkten när bedömningen är gjord."},"rmType":"POINT_EVENT","nodeId":"at0002","min":0,"max":-1,"aqlPath":"/content[openEHR-EHR-OBSERVATION.news_uk_rcp.v1]/data[at0001]/events[at0002]","inputs":[],"formId":"pre-procurement-demo/news_(uk_rcp)/point_in_time","viewConfig":{"multiplicity":{"min":0,"max":-1},"advanced":{"hidden":false,"readonly":false,"hideFrame":false,"render":false},"label":{"custom":false,"useLocalizations":false},"size":{"field":"inherit","label":"inherit"},"layout":{"label":{"valign":"inherit","align":"inherit"},"field":{"valign":"inherit","align":"inherit"}},"annotations":{}},"children":[{"name":"Respiration rate","localizedName":"Respiration rate","localizedNames":{"en":"Respiration rate","sv":"Andningsfrekvens"},"localizedDescriptions":{"en":"Range category for the respiratory rate (RR) measurement of a patient.","sv":"Intervall för uppmätt andningsfrekvens (AF)."},"rmType":"DV_ORDINAL","nodeId":"at0006","min":0,"max":1,"aqlPath":"/content[openEHR-EHR-OBSERVATION.news_uk_rcp.v1]/data[at0001]/events[at0002]/data[at0003]/items[at0006]/value","inputs":[{"type":"CODED_TEXT","list":[{"value":"at0018","label":"12-20","ordinal":0,"localizedLabels":{"en":"12-20","sv":"12-20"},"localizedDescriptions":{"en":"The respiratory rate measurement is between 12 and 20 breaths/min; scored as 0 points.","sv":"Andningsfrekvens mellan 12 och 20 andetag per minut. Sätts till 0 poäng."}},{"value":"at0019","label":"9-11","ordinal":1,"localizedLabels":{"en":"9-11","sv":"9-11"},"localizedDescriptions":{"en":"The respiratory rate measurement is between 9 and 11 breaths/min; scored as 1 point.","sv":"Andningsfrekvens mellan 9 och 11 andetag per minut. Sätts till 1 poäng."}},{"value":"at0020","label":"21-24","ordinal":2,"localizedLabels":{"en":"21-24","sv":"21-24"},"localizedDescriptions":{"en":"The respiratory rate measurement is between 21 and 24 breaths/min; scored as 2 points.","sv":"Andningsfrekvens mellan 21 och 24 andetag per minut. Sätts till 2 poäng."}},{"value":"at0021","label":"<=8 or >=25","ordinal":3,"localizedLabels":{"en":"<=8 or >=25","sv":"<=8 eller >=25"},"localizedDescriptions":{"en":"The respiratory rate measurement is less than/equal to 8 breaths/min or greater than/equal to 25 breaths/min; scored as 3 points.","sv":"Andningsfrekvens fler än eller lika med 8 andetag per minut, alternativt färre än eller lika med 25 andetag per minut. Sätts till 3 poäng.\r\n"}}],"listOpen":false}],"formId":"pre-procurement-demo/news_(uk_rcp)/point_in_time/respiration_rate","viewConfig":{"multiplicity":{"min":0,"max":1},"advanced":{"hidden":false,"readonly":false,"hideFrame":false,"render":false},"label":{"custom":false,"useLocalizations":false},"size":{"field":"inherit","label":"inherit"},"layout":{"label":{"valign":"inherit","align":"inherit"},"field":{"valign":"inherit","align":"inherit"}},"annotations":{},"field":{"presentation":"combobox","columns":"4","input":{"presentation":"combobox","columns":"4"}}}},{"name":"Oxygen saturation","localizedName":"Oxygen saturation","localizedNames":{"en":"Oxygen saturation","sv":"Syremättnad"},"localizedDescriptions":{"en":"Range category for the oxygen saturation measurement of a patient.","sv":"Intervall för uppmätt syremättnad (saturation)."},"rmType":"DV_ORDINAL","nodeId":"at0029","min":0,"max":1,"aqlPath":"/content[openEHR-EHR-OBSERVATION.news_uk_rcp.v1]/data[at0001]/events[at0002]/data[at0003]/items[at0029]/value","inputs":[{"type":"CODED_TEXT","list":[{"value":"at0030","label":">= 96","ordinal":0,"localizedLabels":{"en":">= 96","sv":">= 96"},"localizedDescriptions":{"en":"The oxygen saturation level is greater than/equal to 96%;scored as 0 points.","sv":"Syremättnad (saturation) högre än eller lika med 96%. Sätts till 0 poäng."}},{"value":"at0031","label":"94-95","ordinal":1,"localizedLabels":{"en":"94-95","sv":"94-95"},"localizedDescriptions":{"en":"The oxygen saturation level is between 94% and 95%; scored as 1 point.","sv":"Syremättnad (saturation) mellan 94% och 95%. Sätts till 1 poäng."}},{"value":"at0032","label":"92-93","ordinal":2,"localizedLabels":{"en":"92-93","sv":"92-93"},"localizedDescriptions":{"en":"The oxygen saturation level is between 92% and 93%; scored as 2 points.","sv":"Syremättnad (saturation) mellan 92% och 93%. Sätts till 2 poäng."}},{"value":"at0033","label":"<=91","ordinal":3,"localizedLabels":{"en":"<=91","sv":"<=91"},"localizedDescriptions":{"en":"The oxygen saturation level is less than/equal to 91%; scored as 3 points.","sv":"Syremättnad (saturation) lägre än eller lika med 91%. Sätts till 3 poäng."}}],"listOpen":false}],"formId":"pre-procurement-demo/news_(uk_rcp)/point_in_time/oxygen_saturation","viewConfig":{"multiplicity":{"min":0,"max":1},"advanced":{"hidden":false,"readonly":false,"hideFrame":false,"render":false},"label":{"custom":false,"useLocalizations":false},"size":{"field":"inherit","label":"inherit"},"layout":{"label":{"valign":"inherit","align":"inherit"},"field":{"valign":"inherit","align":"inherit"}},"annotations":{},"field":{"presentation":"combobox","columns":"4","input":{"presentation":"combobox","columns":"4"}}}},{"name":"Supplemental oxygen","localizedName":"Supplemental oxygen","localizedNames":{"en":"Supplemental oxygen","sv":"Syrgastillförsel"},"localizedDescriptions":{"en":"Range category depending on whether the patient is receiving supplemental oxygen.","sv":"Kategorier för aktiv syrgastillförsel."},"rmType":"DV_ORDINAL","nodeId":"at0034","min":0,"max":1,"aqlPath":"/content[openEHR-EHR-OBSERVATION.news_uk_rcp.v1]/data[at0001]/events[at0002]/data[at0003]/items[at0034]/value","inputs":[{"type":"CODED_TEXT","list":[{"value":"at0036","label":"No","ordinal":0,"localizedLabels":{"en":"No","sv":"Nej"},"localizedDescriptions":{"en":"The patient is not receiving supplemental oxygen; scored as 0 points.","sv":"Patienten ges ingen syrgastillförsel. Sätts till 0 poäng."}},{"value":"at0037","label":"Yes","ordinal":2,"localizedLabels":{"en":"Yes","sv":"Ja"},"localizedDescriptions":{"en":"The patient is receiving supplemental oxygen; scored as 2 points.","sv":"Patienten ges syrgastillförsel. Sätts till 2 poäng."}}],"listOpen":false}],"formId":"pre-procurement-demo/news_(uk_rcp)/point_in_time/supplemental_oxygen","viewConfig":{"multiplicity":{"min":0,"max":1},"advanced":{"hidden":false,"readonly":false,"hideFrame":false,"render":false},"label":{"custom":false,"useLocalizations":false},"size":{"field":"inherit","label":"inherit"},"layout":{"label":{"valign":"inherit","align":"inherit"},"field":{"valign":"inherit","align":"inherit"}},"annotations":{},"field":{"presentation":"combobox","columns":"2","input":{"presentation":"combobox","columns":"2"}}}},{"name":"Heart rate","localizedName":"Heart rate","localizedNames":{"en":"Heart rate","sv":"Hjärtfrekvens"},"localizedDescriptions":{"en":"Range category for the heart rate (HR) measurement of a patient.","sv":"Intervall för uppmätt hjärtfrekvens."},"rmType":"DV_ORDINAL","nodeId":"at0005","min":0,"max":1,"aqlPath":"/content[openEHR-EHR-OBSERVATION.news_uk_rcp.v1]/data[at0001]/events[at0002]/data[at0003]/items[at0005]/value","inputs":[{"type":"CODED_TEXT","list":[{"value":"at0013","label":"51-90","ordinal":0,"localizedLabels":{"en":"51-90","sv":"51-90"},"localizedDescriptions":{"en":"The heart rate measurement is between 51 and 90 beats/min; scored as 0 points.","sv":"Hjärtfrekvens mellan 51 och 90 slag per minut. Sätts till 0 poäng."}},{"value":"at0012","label":"41-50 or 91-110","ordinal":1,"localizedLabels":{"en":"41-50 or 91-110","sv":"41-50 eller 91-110"},"localizedDescriptions":{"en":"The heart rate measurement is between 41 and 50 beats/min or between 91 and 110 beats/min; scored as 1 point.","sv":"Hjärtfrekvens mellan 41 och 50 slag per minut, alternativt mellan 91 och 110 slag per minut. Sätts till 1 poäng."}},{"value":"at0011","label":"111-130","ordinal":2,"localizedLabels":{"en":"111-130","sv":"111-130"},"localizedDescriptions":{"en":"The heart rate measurement is between 111 and 130 beats/min; scored as 2 points.","sv":"Hjärtfrekvens mellan 111 och 130 slag per minut . Sätts till 2 poäng."}},{"value":"at0010","label":"<=40 or >=131","ordinal":3,"localizedLabels":{"en":"<=40 or >=131","sv":"<=40 eller >=131"},"localizedDescriptions":{"en":"The heart rate measurement is less than/equal to 40 beats/min or greater than/equal to 131 beats/min; scored as 3 points.","sv":"Hjärtfrekvens lägre än eller lika med 40 slag per minut, alternativt högre än eller lika med 131 slag per minut. Sätts till 3 poäng."}}],"listOpen":false}],"formId":"pre-procurement-demo/news_(uk_rcp)/point_in_time/heart_rate","viewConfig":{"multiplicity":{"min":0,"max":1},"advanced":{"hidden":false,"readonly":false,"hideFrame":false,"render":false},"label":{"custom":false,"useLocalizations":false},"size":{"field":"inherit","label":"inherit"},"layout":{"label":{"valign":"inherit","align":"inherit"},"field":{"valign":"inherit","align":"inherit"}},"annotations":{},"field":{"presentation":"combobox","columns":"4","input":{"presentation":"combobox","columns":"4"}}}},{"name":"Total score","localizedName":"Total score","localizedNames":{"en":"Total score","sv":"Totalpoäng (NEWS)"},"localizedDescriptions":{"en":"The total sum of all the NEWS parameter ordinals.","sv":"Summan av alla NEWS-poäng."},"rmType":"DV_COUNT","nodeId":"at0028","min":0,"max":1,"aqlPath":"/content[openEHR-EHR-OBSERVATION.news_uk_rcp.v1]/data[at0001]/events[at0002]/data[at0003]/items[at0028]/value","inputs":[{"type":"INTEGER","validation":{"range":{"minOp":">=","min":0.0,"maxOp":"<=","max":20.0}},"defaultValue":"","listOpen":false}],"formId":"pre-procurement-demo/news_(uk_rcp)/point_in_time/total_score","viewConfig":{"multiplicity":{"min":0,"max":1},"advanced":{"hidden":false,"readonly":false,"hideFrame":false,"render":false},"label":{"custom":false,"useLocalizations":false},"size":{"field":"inherit","label":"inherit"},"layout":{"label":{"valign":"inherit","align":"inherit"},"field":{"valign":"inherit","align":"inherit"}},"annotations":{},"field":{}}},{"name":"Clinical risk category","localizedName":"Clinical risk category","localizedNames":{"en":"Clinical risk category","sv":"Klinisk riskkategori"},"localizedDescriptions":{"en":"Overall category representing the urgency and scale of the clinical response required in response to the physiological parameters.","sv":"Riskkategorisering baserad på de fysiologiska parametrarna samt beskrivning av lämplig responsnivå för avdelningen."},"rmType":"DV_CODED_TEXT","nodeId":"at0047","min":0,"max":1,"aqlPath":"/content[openEHR-EHR-OBSERVATION.news_uk_rcp.v1]/data[at0001]/events[at0002]/data[at0003]/items[at0047]/value","inputs":[{"suffix":"code","type":"CODED_TEXT","list":[{"value":"at0048","label":"Low","ordinal":0,"localizedLabels":{"en":"Low","sv":"Låg"},"localizedDescriptions":{"en":"Ward-based response.","sv":"Avdelningsbaserade åtgärder."}},{"value":"at0049","label":"Low-medium","ordinal":0,"localizedLabels":{"en":"Low-medium","sv":"Låg/medium"},"localizedDescriptions":{"en":"Urgent ward-based response.","sv":"Brådskande avdelningsbaserade åtgärder."}},{"value":"at0050","label":"Medium","ordinal":0,"localizedLabels":{"en":"Medium","sv":"Medium"},"localizedDescriptions":{"en":"Key threshold for urgent response.","sv":"Brådskande åtgärder."}},{"value":"at0051","label":"High","ordinal":0,"localizedLabels":{"en":"High","sv":"Hög"},"localizedDescriptions":{"en":"Urgent or emergency response.","sv":"Akuta åtgärder."}}],"listOpen":false}],"formId":"pre-procurement-demo/news_(uk_rcp)/point_in_time/clinical_risk_category","viewConfig":{"multiplicity":{"min":0,"max":1},"advanced":{"hidden":false,"readonly":false,"hideFrame":false,"render":false},"label":{"custom":false,"useLocalizations":false},"size":{"field":"inherit","label":"inherit"},"layout":{"label":{"valign":"inherit","align":"inherit"},"field":{"valign":"inherit","align":"inherit"}},"annotations":{},"field":{"code":{"presentation":"combobox","columns":"4"}}}},{"name":"Time","localizedName":"Time","localizedNames":{"en":"Time","sv":"*Time (sv)"},"localizedDescriptions":{},"rmType":"DV_DATE_TIME","min":0,"max":1,"aqlPath":"/content[openEHR-EHR-OBSERVATION.news_uk_rcp.v1]/data[at0001]/events[at0002]/time","inputs":[{"type":"DATETIME","listOpen":false}],"formId":"pre-procurement-demo/news_(uk_rcp)/point_in_time/time","viewConfig":{"multiplicity":{"min":0,"max":1},"advanced":{"hidden":false,"readonly":false,"hideFrame":false,"render":false},"label":{"custom":false,"useLocalizations":false},"size":{"field":"inherit","label":"inherit"},"layout":{"label":{"valign":"inherit","align":"inherit"},"field":{"valign":"inherit","align":"inherit"}},"annotations":{},"field":{"input":{"hideTime":false,"dateFormat":"","hideDate":false}}}}]},{"name":"other_participations","localizedName":"other_participations","localizedNames":{"en":"other_participations","sv":"*other_participations (sv)"},"localizedDescriptions":{},"rmType":"PARTICIPATION","min":0,"max":-1,"aqlPath":"/content[openEHR-EHR-OBSERVATION.news_uk_rcp.v1]/other_participations","inputs":[],"formId":"pre-procurement-demo/news_(uk_rcp)/other_participations","viewConfig":{"multiplicity":{"min":0,"max":-1},"advanced":{"hidden":false,"readonly":false,"hideFrame":false,"render":false},"label":{"custom":false,"useLocalizations":false},"size":{"field":"inherit","label":"inherit"},"layout":{"label":{"valign":"inherit","align":"inherit"},"field":{"valign":"inherit","align":"inherit"}},"annotations":{},"field":{"name":null}},"children":[{"name":"function","localizedName":"function","localizedNames":{"en":"function","sv":"*function (sv)"},"localizedDescriptions":{},"rmType":"DV_TEXT","min":1,"max":1,"aqlPath":"/content[openEHR-EHR-OBSERVATION.news_uk_rcp.v1]/other_participations/function","inputs":[{"type":"TEXT","list":[],"listOpen":false}],"formId":"pre-procurement-demo/news_(uk_rcp)/other_participations/function","viewConfig":{"multiplicity":{"min":1,"max":1},"advanced":{"hidden":false,"readonly":false,"hideFrame":false,"render":false},"label":{"custom":false,"useLocalizations":false},"size":{"field":"inherit","label":"inherit"},"layout":{"label":{"valign":"inherit","align":"inherit"},"field":{"valign":"inherit","align":"inherit"}},"datasource":{"loadRemote":false,"parameters":{}},"annotations":{},"field":{"lines":null,"input":{},"formatting":null}}},{"name":"performer","localizedName":"performer","localizedNames":{"en":"performer","sv":"*performer (sv)"},"localizedDescriptions":{},"rmType":"PARTY_IDENTIFIED","min":1,"max":1,"aqlPath":"/content[openEHR-EHR-OBSERVATION.news_uk_rcp.v1]/other_participations/performer","inputs":[],"formId":"pre-procurement-demo/news_(uk_rcp)/other_participations/performer","viewConfig":{"multiplicity":{"min":1,"max":1},"advanced":{"hidden":false,"readonly":false,"hideFrame":false,"render":false},"label":{"custom":false,"useLocalizations":false},"size":{"field":"inherit","label":"inherit"},"layout":{"label":{"valign":"inherit","align":"inherit"},"field":{"valign":"inherit","align":"inherit"}},"annotations":{},"field":{"name":null}}},{"name":"mode","localizedName":"mode","localizedNames":{"en":"mode","sv":"*mode (sv)"},"localizedDescriptions":{},"rmType":"DV_CODED_TEXT","min":0,"max":1,"aqlPath":"/content[openEHR-EHR-OBSERVATION.news_uk_rcp.v1]/other_participations/mode","inputs":[{"suffix":"code","type":"CODED_TEXT","list":[],"listOpen":false}],"formId":"pre-procurement-demo/news_(uk_rcp)/other_participations/mode","viewConfig":{"multiplicity":{"min":0,"max":1},"advanced":{"hidden":false,"readonly":false,"hideFrame":false,"render":false},"label":{"custom":false,"useLocalizations":false},"size":{"field":"inherit","label":"inherit"},"layout":{"label":{"valign":"inherit","align":"inherit"},"field":{"valign":"inherit","align":"inherit"}},"annotations":{},"field":{}}},{"name":"time","localizedName":"time","localizedNames":{"en":"time","sv":"*time (sv)"},"localizedDescriptions":{},"rmType":"DV_INTERVAL<DV_DATE_TIME>","min":0,"max":1,"aqlPath":"/content[openEHR-EHR-OBSERVATION.news_uk_rcp.v1]/other_participations/time","inputs":[],"formId":"pre-procurement-demo/news_(uk_rcp)/other_participations/time","viewConfig":{"multiplicity":{"min":0,"max":1},"advanced":{"hidden":false,"readonly":false,"hideFrame":false,"render":false},"label":{"custom":false,"useLocalizations":false},"size":{"field":"inherit","label":"inherit"},"layout":{"label":{"valign":"inherit","align":"inherit"},"field":{"valign":"inherit","align":"inherit"}},"annotations":{}},"children":[{"localizedNames":{},"localizedDescriptions":{},"rmType":"DV_DATE_TIME","min":0,"max":0,"aqlPath":"/content[openEHR-EHR-OBSERVATION.news_uk_rcp.v1]/other_participations/time/upper","inputs":[{"type":"DATETIME","listOpen":false}],"formId":"pre-procurement-demo/news_(uk_rcp)/other_participations/time/upper","viewConfig":{"annotations":{},"field":{"input":{"hideTime":false,"dateFormat":"","hideDate":false}}}},{"localizedNames":{},"localizedDescriptions":{},"rmType":"DV_DATE_TIME","min":0,"max":0,"aqlPath":"/content[openEHR-EHR-OBSERVATION.news_uk_rcp.v1]/other_participations/time/lower","inputs":[{"type":"DATETIME","listOpen":false}],"formId":"pre-procurement-demo/news_(uk_rcp)/other_participations/time/lower","viewConfig":{"annotations":{},"field":{"input":{"hideTime":false,"dateFormat":"","hideDate":false}}}}]}]},{"name":"provider","localizedName":"provider","localizedNames":{"en":"provider","sv":"*provider (sv)"},"localizedDescriptions":{},"rmType":"PARTY_IDENTIFIED","min":0,"max":1,"aqlPath":"/content[openEHR-EHR-OBSERVATION.news_uk_rcp.v1]/provider","inputs":[],"formId":"pre-procurement-demo/news_(uk_rcp)/other_participations/provider","viewConfig":{"multiplicity":{"min":0,"max":1},"advanced":{"hidden":false,"readonly":false,"hideFrame":false,"render":false},"label":{"custom":false,"useLocalizations":false},"size":{"field":"inherit","label":"inherit"},"layout":{"label":{"valign":"inherit","align":"inherit"},"field":{"valign":"inherit","align":"inherit"}},"annotations":{},"field":{"name":null}}}]}]}]}