{"name":"Form root","localizedNames":{},"localizedDescriptions":{},"rmType":"FORM_DEFINITION","min":0,"max":0,"formId":"form_root","viewConfig":{"label":{"custom":false,"useLocalizations":false},"size":{"field":"inherit","label":"inherit"},"layout":{"label":{"valign":"inherit","align":"inherit"},"field":{"valign":"inherit","align":"inherit"}},"annotations":{}},"children":[{"name":"NEWS","localizedName":"NEWS","localizedNames":{"en":"NEWS (UK RCP)","sv":"NEWS"},"localizedDescriptions":{"sv":"NEWS (National Early Warning Score) är en poängskala som används för att ge en objektiv indikation om försämring av patientens kliniska status. Denna version följer riktlinjer utfärdade av UK Royal College of Physicians.","en":"NEWS (National Early Warning Score) is a simple score used to provide an objective indication of a patient's degree of clinical deterioration. This version follows guidance issued by the UK Royal College of Physicians."},"rmType":"OBSERVATION","nodeId":"openEHR-EHR-OBSERVATION.news_uk_rcp.v1","min":0,"max":-1,"aqlPath":"/content[openEHR-EHR-OBSERVATION.news_uk_rcp.v1]","inputs":[],"formId":"demo_news_vitals/news","viewConfig":{"multiplicity":{"min":0,"max":-1},"advanced":{"hidden":false,"readonly":false,"hideFrame":false,"render":false},"label":{"custom":false,"useLocalizations":false},"size":{"field":"inherit","label":"inherit"},"layout":{"label":{"valign":"inherit","align":"inherit"},"field":{"valign":"inherit","align":"inherit"}},"annotations":{},"field":{}},"children":[{"name":"Origin","localizedName":"Origin","localizedNames":{"en":"*Origin (en)","sv":"Origin"},"localizedDescriptions":{},"rmType":"DV_DATE_TIME","min":0,"max":1,"aqlPath":"/content[openEHR-EHR-OBSERVATION.news_uk_rcp.v1]/data[at0001]/origin","inputs":[{"type":"DATETIME","listOpen":false}],"formId":"demo_news_vitals/news/händelseförlopp/origin","viewConfig":{"multiplicity":{"min":0,"max":1},"advanced":{"hidden":false,"readonly":false,"hideFrame":false,"render":false},"label":{"custom":false,"useLocalizations":false},"size":{"field":"inherit","label":"inherit"},"layout":{"label":{"valign":"inherit","align":"inherit"},"field":{"valign":"inherit","align":"inherit"}},"annotations":{},"field":{"input":{"hideTime":false,"dateFormat":"","hideDate":false}}}},{"name":"Tidpunkt","localizedName":"Tidpunkt","localizedNames":{"en":"Point in time","sv":"Tidpunkt"},"localizedDescriptions":{"sv":"Den specifika tidpunkten när bedömningen är gjord.","en":"A specific date and/or time which may be explicitly defined in a template or at run-time."},"rmType":"POINT_EVENT","nodeId":"at0002","min":0,"max":-1,"aqlPath":"/content[openEHR-EHR-OBSERVATION.news_uk_rcp.v1]/data[at0001]/events[at0002]","inputs":[],"formId":"demo_news_vitals/news/tidpunkt","viewConfig":{"multiplicity":{"min":0,"max":-1},"advanced":{"hidden":false,"readonly":false,"hideFrame":false,"render":false},"label":{"custom":false,"useLocalizations":false},"size":{"field":"inherit","label":"inherit"},"layout":{"label":{"valign":"inherit","align":"inherit"},"field":{"valign":"inherit","align":"inherit"}},"annotations":{}},"children":[{"name":"Andningsfrekvens","localizedName":"Andningsfrekvens","localizedNames":{"en":"Respiration rate","sv":"Andningsfrekvens"},"localizedDescriptions":{"sv":"Intervall för uppmätt andningsfrekvens (AF).","en":"Range category for the respiratory rate (RR) measurement of a patient."},"rmType":"DV_ORDINAL","nodeId":"at0006","min":0,"max":1,"aqlPath":"/content[openEHR-EHR-OBSERVATION.news_uk_rcp.v1]/data[at0001]/events[at0002]/data[at0003]/items[at0006]/value","inputs":[{"type":"CODED_TEXT","list":[{"value":"at0018","label":"12-20","ordinal":0,"localizedLabels":{"sv":"12-20","en":"12-20"},"localizedDescriptions":{"sv":"Andningsfrekvens mellan 12 och 20 andetag per minut. Sätts till 0 poäng.","en":"The respiratory rate measurement is between 12 and 20 breaths/min; scored as 0 points."}},{"value":"at0019","label":"9-11","ordinal":1,"localizedLabels":{"sv":"9-11","en":"9-11"},"localizedDescriptions":{"sv":"Andningsfrekvens mellan 9 och 11 andetag per minut. Sätts till 1 poäng.","en":"The respiratory rate measurement is between 9 and 11 breaths/min; scored as 1 point."}},{"value":"at0020","label":"21-24","ordinal":2,"localizedLabels":{"sv":"21-24","en":"21-24"},"localizedDescriptions":{"sv":"Andningsfrekvens mellan 21 och 24 andetag per minut. Sätts till 2 poäng.","en":"The respiratory rate measurement is between 21 and 24 breaths/min; scored as 2 points."}},{"value":"at0021","label":"<=8 eller >=25","ordinal":3,"localizedLabels":{"sv":"<=8 eller >=25","en":"<=8 or >=25"},"localizedDescriptions":{"sv":"Andningsfrekvens fler än eller lika med 8 andetag per minut, alternativt färre än eller lika med 25 andetag per minut. Sätts till 3 poäng.\r\n","en":"The respiratory rate measurement is less than/equal to 8 breaths/min or greater than/equal to 25 breaths/min; scored as 3 points."}}],"defaultValue":"at0018","listOpen":false}],"formId":"demo_news_vitals/news/tidpunkt/andningsfrekvens","viewConfig":{"multiplicity":{"min":0,"max":1},"advanced":{"hidden":false,"readonly":false,"hideFrame":false,"render":false},"label":{"custom":false,"useLocalizations":false},"size":{"field":"inherit","label":"inherit"},"layout":{"label":{"valign":"inherit","align":"inherit"},"field":{"valign":"inherit","align":"inherit"}},"annotations":{"calcId":"news01"},"field":{"presentation":"combobox","columns":"1","input":{"presentation":"combobox","columns":"1"}},"tags":[]}},{"name":"Syrgastillförsel","localizedName":"Syrgastillförsel","localizedNames":{"en":"Supplemental oxygen","sv":"Syrgastillförsel"},"localizedDescriptions":{"sv":"Kategorier för aktiv syrgastillförsel.","en":"Range category depending on whether the patient is receiving supplemental oxygen."},"rmType":"DV_ORDINAL","nodeId":"at0034","min":0,"max":1,"aqlPath":"/content[openEHR-EHR-OBSERVATION.news_uk_rcp.v1]/data[at0001]/events[at0002]/data[at0003]/items[at0034]/value","inputs":[{"type":"CODED_TEXT","list":[{"value":"at0036","label":"Nej","ordinal":0,"localizedLabels":{"sv":"Nej","en":"No"},"localizedDescriptions":{"sv":"Patienten ges ingen syrgastillförsel. Sätts till 0 poäng.","en":"The patient is not receiving supplemental oxygen; scored as 0 points."}},{"value":"at0037","label":"Ja","ordinal":2,"localizedLabels":{"sv":"Ja","en":"Yes"},"localizedDescriptions":{"sv":"Patienten ges syrgastillförsel. Sätts till 2 poäng.","en":"The patient is receiving supplemental oxygen; scored as 2 points."}}],"listOpen":false}],"formId":"demo_news_vitals/news/tidpunkt/syrgastillförsel","viewConfig":{"multiplicity":{"min":0,"max":1},"advanced":{"hidden":false,"readonly":false,"hideFrame":false,"render":false},"label":{"custom":false,"useLocalizations":false},"size":{"field":"inherit","label":"inherit"},"layout":{"label":{"valign":"inherit","align":"inherit"},"field":{"valign":"inherit","align":"inherit"}},"annotations":{"calcId":"news02"},"field":{"presentation":"combobox","columns":"2","input":{"presentation":"combobox","columns":"2"}}}},{"name":"Hjärtfrekvens","localizedName":"Hjärtfrekvens","localizedNames":{"en":"Heart rate","sv":"Hjärtfrekvens"},"localizedDescriptions":{"sv":"Intervall för uppmätt hjärtfrekvens.","en":"Range category for the heart rate (HR) measurement of a patient."},"rmType":"DV_ORDINAL","nodeId":"at0005","min":0,"max":1,"aqlPath":"/content[openEHR-EHR-OBSERVATION.news_uk_rcp.v1]/data[at0001]/events[at0002]/data[at0003]/items[at0005]/value","inputs":[{"type":"CODED_TEXT","list":[{"value":"at0013","label":"51-90","ordinal":0,"localizedLabels":{"sv":"51-90","en":"51-90"},"localizedDescriptions":{"sv":"Hjärtfrekvens mellan 51 och 90 slag per minut. Sätts till 0 poäng.","en":"The heart rate measurement is between 51 and 90 beats/min; scored as 0 points."}},{"value":"at0012","label":"41-50 eller 91-110","ordinal":1,"localizedLabels":{"sv":"41-50 eller 91-110","en":"41-50 or 91-110"},"localizedDescriptions":{"sv":"Hjärtfrekvens mellan 41 och 50 slag per minut, alternativt mellan 91 och 110 slag per minut. Sätts till 1 poäng.","en":"The heart rate measurement is between 41 and 50 beats/min or between 91 and 110 beats/min; scored as 1 point."}},{"value":"at0011","label":"111-130","ordinal":2,"localizedLabels":{"sv":"111-130","en":"111-130"},"localizedDescriptions":{"sv":"Hjärtfrekvens mellan 111 och 130 slag per minut . Sätts till 2 poäng.","en":"The heart rate measurement is between 111 and 130 beats/min; scored as 2 points."}},{"value":"at0010","label":"<=40 eller >=131","ordinal":3,"localizedLabels":{"sv":"<=40 eller >=131","en":"<=40 or >=131"},"localizedDescriptions":{"sv":"Hjärtfrekvens lägre än eller lika med 40 slag per minut, alternativt högre än eller lika med 131 slag per minut. Sätts till 3 poäng.","en":"The heart rate measurement is less than/equal to 40 beats/min or greater than/equal to 131 beats/min; scored as 3 points."}}],"listOpen":false}],"formId":"demo_news_vitals/news/tidpunkt/hjärtfrekvens","viewConfig":{"multiplicity":{"min":0,"max":1},"advanced":{"hidden":false,"readonly":false,"hideFrame":false,"render":false},"label":{"custom":false,"useLocalizations":false},"size":{"field":"inherit","label":"inherit"},"layout":{"label":{"valign":"inherit","align":"inherit"},"field":{"valign":"inherit","align":"inherit"}},"annotations":{},"field":{"presentation":"combobox","columns":"4","input":{"presentation":"combobox","columns":"4"}}}},{"name":"Medvetandegrad","localizedName":"Medvetandegrad","localizedNames":{"en":"Level of consciousness","sv":"Medvetandegrad"},"localizedDescriptions":{"sv":"Kategorier för bedömning av medvetandegrad enligt AVPU-skalan.","en":"Observed category for the AVPU scale rating of a patient's conscious state."},"rmType":"DV_ORDINAL","nodeId":"at0008","min":0,"max":1,"aqlPath":"/content[openEHR-EHR-OBSERVATION.news_uk_rcp.v1]/data[at0001]/events[at0002]/data[at0003]/items[at0008]/value","inputs":[{"type":"CODED_TEXT","list":[{"value":"at0024","label":"A","ordinal":0,"localizedLabels":{"sv":"A","en":"A"},"localizedDescriptions":{"sv":"Alert och vaken. Sätts till 0 poäng.","en":"The patient is alert or awake; scored as 0 points."}},{"value":"at0025","label":"V, P eller U","ordinal":3,"localizedLabels":{"sv":"V, P eller U","en":"V, P or U"},"localizedDescriptions":{"sv":"Patienten reagerar endast på tilltal eller smärta, eller reagerar ej. Sätts till 3 poäng.","en":"The patient responds only to voice or pain, or is unresponsive; scored as 3 points."}}],"listOpen":false}],"formId":"demo_news_vitals/news/tidpunkt/medvetandegrad","viewConfig":{"multiplicity":{"min":0,"max":1},"advanced":{"hidden":false,"readonly":false,"hideFrame":false,"render":false},"label":{"custom":false,"useLocalizations":false},"size":{"field":"inherit","label":"inherit"},"layout":{"label":{"valign":"inherit","align":"inherit"},"field":{"valign":"inherit","align":"inherit"}},"annotations":{},"field":{"presentation":"combobox","columns":"2","input":{"presentation":"combobox","columns":"2"}}}},{"name":"Totalpoäng (NEWS)","localizedName":"Totalpoäng (NEWS)","localizedNames":{"en":"Total score","sv":"Totalpoäng (NEWS)"},"localizedDescriptions":{"sv":"Summan av alla NEWS-poäng.","en":"The total sum of all the NEWS parameter ordinals."},"rmType":"DV_COUNT","nodeId":"at0028","min":0,"max":1,"aqlPath":"/content[openEHR-EHR-OBSERVATION.news_uk_rcp.v1]/data[at0001]/events[at0002]/data[at0003]/items[at0028]/value","inputs":[{"type":"INTEGER","validation":{"range":{"minOp":">=","min":0.0,"maxOp":"<=","max":20.0}},"defaultValue":"","listOpen":false}],"formId":"demo_news_vitals/news/tidpunkt/totalpoäng_(news)","viewConfig":{"multiplicity":{"min":0,"max":1},"advanced":{"hidden":false,"readonly":false,"hideFrame":false,"render":false},"label":{"custom":false,"useLocalizations":false},"size":{"field":"inherit","label":"inherit"},"layout":{"label":{"valign":"inherit","align":"inherit"},"field":{"valign":"inherit","align":"inherit"}},"annotations":{"calc":"SUM($new01,$news02)"},"field":{}}},{"name":"Klinisk riskkategori","localizedName":"Klinisk riskkategori","localizedNames":{"en":"Clinical risk category","sv":"Klinisk riskkategori"},"localizedDescriptions":{"sv":"Riskkategorisering baserad på de fysiologiska parametrarna samt beskrivning av lämplig responsnivå för avdelningen.","en":"Overall category representing the urgency and scale of the clinical response required in response to the physiological parameters."},"rmType":"DV_CODED_TEXT","nodeId":"at0047","min":0,"max":1,"aqlPath":"/content[openEHR-EHR-OBSERVATION.news_uk_rcp.v1]/data[at0001]/events[at0002]/data[at0003]/items[at0047]/value","inputs":[{"suffix":"code","type":"CODED_TEXT","list":[{"value":"at0048","label":"Låg","ordinal":0,"localizedLabels":{"sv":"Låg","en":"Low"},"localizedDescriptions":{"sv":"Avdelningsbaserade åtgärder.","en":"Ward-based response."}},{"value":"at0049","label":"Låg/medium","ordinal":0,"localizedLabels":{"sv":"Låg/medium","en":"Low-medium"},"localizedDescriptions":{"sv":"Brådskande avdelningsbaserade åtgärder.","en":"Urgent ward-based response."}},{"value":"at0050","label":"Medium","ordinal":0,"localizedLabels":{"sv":"Medium","en":"Medium"},"localizedDescriptions":{"sv":"Brådskande åtgärder.","en":"Key threshold for urgent response."}},{"value":"at0051","label":"Hög","ordinal":0,"localizedLabels":{"sv":"Hög","en":"High"},"localizedDescriptions":{"sv":"Akuta åtgärder.","en":"Urgent or emergency response."}}],"listOpen":false}],"formId":"demo_news_vitals/news/tidpunkt/klinisk_riskkategori","viewConfig":{"multiplicity":{"min":0,"max":1},"advanced":{"hidden":false,"readonly":false,"hideFrame":false,"render":false},"label":{"custom":false,"useLocalizations":false},"size":{"field":"inherit","label":"inherit"},"layout":{"label":{"valign":"inherit","align":"inherit"},"field":{"valign":"inherit","align":"inherit"}},"annotations":{},"field":{"code":{"presentation":"combobox","columns":"4"}}}},{"name":"Kommentar","localizedName":"Kommentar","localizedNames":{"en":"Comment","sv":"Kommentar"},"localizedDescriptions":{"sv":"Kommentarer avseende den sammanräknade NEWS-poängen som inte beskrivs i övriga fält.","en":"Additional narrative about the overall NEWS score not captured in other fields."},"rmType":"DV_TEXT","nodeId":"at0044","min":0,"max":1,"aqlPath":"/content[openEHR-EHR-OBSERVATION.news_uk_rcp.v1]/data[at0001]/events[at0002]/data[at0003]/items[at0044]/value","inputs":[{"type":"TEXT","list":[],"listOpen":false}],"formId":"demo_news_vitals/news/tidpunkt/kommentar","viewConfig":{"multiplicity":{"min":0,"max":1},"advanced":{"hidden":false,"readonly":false,"hideFrame":false,"render":false},"label":{"custom":false,"useLocalizations":false},"size":{"field":"inherit","label":"inherit"},"layout":{"label":{"valign":"inherit","align":"inherit"},"field":{"valign":"inherit","align":"inherit"}},"datasource":{"loadRemote":false,"parameters":{}},"annotations":{},"field":{"lines":null,"input":{},"formatting":null}}},{"name":"Time","localizedName":"Time","localizedNames":{"en":"*Time (en)","sv":"Time"},"localizedDescriptions":{},"rmType":"DV_DATE_TIME","min":0,"max":1,"aqlPath":"/content[openEHR-EHR-OBSERVATION.news_uk_rcp.v1]/data[at0001]/events[at0002]/time","inputs":[{"type":"DATETIME","listOpen":false}],"formId":"demo_news_vitals/news/tidpunkt/time","viewConfig":{"multiplicity":{"min":0,"max":1},"advanced":{"hidden":false,"readonly":false,"hideFrame":false,"render":false},"label":{"custom":false,"useLocalizations":false},"size":{"field":"inherit","label":"inherit"},"layout":{"label":{"valign":"inherit","align":"inherit"},"field":{"valign":"inherit","align":"inherit"}},"annotations":{},"field":{"input":{"hideTime":false,"dateFormat":"","hideDate":false}}}},{"name":"Syremättnad","localizedName":"Syremättnad","localizedNames":{"en":"Oxygen saturation","sv":"Syremättnad"},"localizedDescriptions":{"sv":"Intervall för uppmätt syremättnad (saturation).","en":"Range category for the oxygen saturation measurement of a patient."},"rmType":"DV_ORDINAL","nodeId":"at0029","min":0,"max":1,"aqlPath":"/content[openEHR-EHR-OBSERVATION.news_uk_rcp.v1]/data[at0001]/events[at0002]/data[at0003]/items[at0029]/value","inputs":[{"type":"CODED_TEXT","list":[{"value":"at0030","label":">= 96","ordinal":0,"localizedLabels":{"sv":">= 96","en":">= 96"},"localizedDescriptions":{"sv":"Syremättnad (saturation) högre än eller lika med 96%. Sätts till 0 poäng.","en":"The oxygen saturation level is greater than/equal to 96%;scored as 0 points."}},{"value":"at0031","label":"94-95","ordinal":1,"localizedLabels":{"sv":"94-95","en":"94-95"},"localizedDescriptions":{"sv":"Syremättnad (saturation) mellan 94% och 95%. Sätts till 1 poäng.","en":"The oxygen saturation level is between 94% and 95%; scored as 1 point."}},{"value":"at0032","label":"92-93","ordinal":2,"localizedLabels":{"sv":"92-93","en":"92-93"},"localizedDescriptions":{"sv":"Syremättnad (saturation) mellan 92% och 93%. Sätts till 2 poäng.","en":"The oxygen saturation level is between 92% and 93%; scored as 2 points."}},{"value":"at0033","label":"<=91","ordinal":3,"localizedLabels":{"sv":"<=91","en":"<=91"},"localizedDescriptions":{"sv":"Syremättnad (saturation) lägre än eller lika med 91%. Sätts till 3 poäng.","en":"The oxygen saturation level is less than/equal to 91%; scored as 3 points."}}],"listOpen":false}],"formId":"demo_news_vitals/news/tidpunkt/syremättnad","viewConfig":{"multiplicity":{"min":0,"max":1},"advanced":{"hidden":false,"readonly":false,"hideFrame":false,"render":false},"label":{"custom":false,"useLocalizations":false},"size":{"field":"inherit","label":"inherit"},"layout":{"label":{"valign":"inherit","align":"inherit"},"field":{"valign":"inherit","align":"inherit"}},"annotations":{},"field":{"presentation":"combobox","columns":"4","input":{"presentation":"combobox","columns":"4"}}}},{"name":"Kroppstemperatur","localizedName":"Kroppstemperatur","localizedNames":{"en":"Body temperature","sv":"Kroppstemperatur"},"localizedDescriptions":{"sv":"Intervall för uppmätt kroppstemperatur.","en":"Range category for the body temperature (Temp) measurement of a patient."},"rmType":"DV_ORDINAL","nodeId":"at0007","min":0,"max":1,"aqlPath":"/content[openEHR-EHR-OBSERVATION.news_uk_rcp.v1]/data[at0001]/events[at0002]/data[at0003]/items[at0007]/value","inputs":[{"type":"CODED_TEXT","list":[{"value":"at0022","label":"36,1-38,0","ordinal":0,"localizedLabels":{"sv":"36,1-38,0","en":"36.1-38.0"},"localizedDescriptions":{"sv":"Kroppstemperatur mellan 36,1 och 38,0 grader Celsius. Sätts till 0 poäng.","en":"The body temperature measurement is between 36.1 and 38.0 degrees Celsius; scored as 0 points."}},{"value":"at0023","label":"35,1-36,0 eller 38,1-39,0","ordinal":1,"localizedLabels":{"sv":"35,1-36,0 eller 38,1-39,0","en":"35.1-36.0 or 38.1-39.0"},"localizedDescriptions":{"sv":"Kroppstemperatur mellan 35,1 och 36,0 grader Celsius alternativt 38,1 och 39,0 grader Celsius. Sätts till 0 poäng.","en":"The body temperature measurement is between 35.1 and 36.0 degrees Celsius or between 38.1 and 39.0 degrees Celsius; scored as 1 point."}},{"value":"at0038","label":">=39,1","ordinal":2,"localizedLabels":{"sv":">=39,1","en":">=39.1"},"localizedDescriptions":{"sv":"Kroppstemperatur högre än eller lika med 39,1 grader Celcius. Sätts till 2 poäng.","en":"The body temperature is greater than/equal to 39.1 degrees Celcius; scored as 2 points."}},{"value":"at0039","label":"<=35,0","ordinal":3,"localizedLabels":{"sv":"<=35,0","en":"<=35.0"},"localizedDescriptions":{"sv":"Kroppstemperatur lägre än eller lika med 35 grader Celsius. Sätts till 3 poäng.","en":"The body temperature is less than/equal to 35 degrees Celcius ; scored as 3 points."}}],"listOpen":false}],"formId":"demo_news_vitals/news/tidpunkt/kroppstemperatur","viewConfig":{"multiplicity":{"min":0,"max":1},"advanced":{"hidden":false,"readonly":false,"hideFrame":false,"render":false},"label":{"custom":false,"useLocalizations":false},"size":{"field":"inherit","label":"inherit"},"layout":{"label":{"valign":"inherit","align":"inherit"},"field":{"valign":"inherit","align":"inherit"}},"annotations":{},"field":{"presentation":"combobox","columns":"4","input":{"presentation":"combobox","columns":"4"}}}},{"name":"Systoliskt blodtryck","localizedName":"Systoliskt blodtryck","localizedNames":{"en":"Systolic blood pressure","sv":"Systoliskt blodtryck"},"localizedDescriptions":{"sv":"Intervall för uppmätt systoliskt blodtryck.","en":"Range category for the systolic blood pressure (SBP) measurement of a patient."},"rmType":"DV_ORDINAL","nodeId":"at0004","min":0,"max":1,"aqlPath":"/content[openEHR-EHR-OBSERVATION.news_uk_rcp.v1]/data[at0001]/events[at0002]/data[at0003]/items[at0004]/value","inputs":[{"type":"CODED_TEXT","list":[{"value":"at0014","label":"111-219","ordinal":0,"localizedLabels":{"sv":"111-219","en":"111-219"},"localizedDescriptions":{"sv":"Systoliskt blodtryck mellan 111 och 219 mmHg. Sätts till 0 poäng.","en":"The systolic blood pressure measurement is between 111 and 219 mmHg; scored as 0 points."}},{"value":"at0015","label":"101-110","ordinal":1,"localizedLabels":{"sv":"101-110","en":"101-110"},"localizedDescriptions":{"sv":"Systoliskt blodtryck mellan 101 och 110 mmHg. Sätts till 1 poäng.","en":"The systolic blood pressure measurement is between 101 and 110 mmHg; scored as 1 point."}},{"value":"at0016","label":"91-100","ordinal":2,"localizedLabels":{"sv":"91-100","en":"91-100"},"localizedDescriptions":{"sv":"Systoliskt blodtryck mellan 91 och 100 mmHg. Sätts till 2 poäng.","en":"The systolic blood pressure measurement is between 91 and 100 mmHg; scored as 2 points."}},{"value":"at0017","label":"<=90 eller >= 220","ordinal":3,"localizedLabels":{"sv":"<=90 eller >= 220","en":"<=90 or >= 220"},"localizedDescriptions":{"sv":"Systoliskt blodtryck lägre än eller lika med 90 mmHg, alternativt högre än eller lika med 220 mmHg. Sätts till 3 poäng.","en":"The systolic blood pressure measurement is less than/equal to 90 mmHg or greater than/equal to 220 mmHg; scored as 3 points."}}],"listOpen":false}],"formId":"demo_news_vitals/news/tidpunkt/systoliskt_blodtryck","viewConfig":{"multiplicity":{"min":0,"max":1},"advanced":{"hidden":false,"readonly":false,"hideFrame":false,"render":false},"label":{"custom":false,"useLocalizations":false},"size":{"field":"inherit","label":"inherit"},"layout":{"label":{"valign":"inherit","align":"inherit"},"field":{"valign":"inherit","align":"inherit"}},"annotations":{},"field":{"presentation":"combobox","columns":"4","input":{"presentation":"combobox","columns":"4"}}}}]}]}]}