[{"field":"demo_news_vitals/news/tidpunkt/totalpoäng_(news)","conditions":[{"operator":"le","value":{"value":"4"},"actions":[{"action":"set","target":"demo_news_vitals/news/tidpunkt/klinisk_riskkategori","value":{"code":"at0048"}}]},{"operator":"gt","value":{"value":"4"},"actions":[{"action":"set","target":"demo_news_vitals/news/tidpunkt/klinisk_riskkategori","value":{"code":"at0050"}}]},{"operator":"gt","value":{"value":"7"},"actions":[{"action":"set","target":"demo_news_vitals/news/tidpunkt/klinisk_riskkategori","value":{"code":"at0051"}}]}]}]