[{"col":1,"row":1,"width":12,"height":37,"children":[{"id":"demo_news_vitals/news","rows":[{"cols":[{"width":"100%","children":[{"id":"demo_news_vitals/news/händelseförlopp/origin","rows":[]},{"id":"demo_news_vitals/news/tidpunkt","rows":[{"cols":[{"width":"50%","children":[{"id":"demo_news_vitals/news/tidpunkt/andningsfrekvens","rows":[]},{"id":"demo_news_vitals/news/tidpunkt/syrgastillförsel","rows":[]},{"id":"demo_news_vitals/news/tidpunkt/hjärtfrekvens","rows":[]},{"id":"demo_news_vitals/news/tidpunkt/medvetandegrad","rows":[]},{"id":"demo_news_vitals/news/tidpunkt/totalpoäng_(news)","rows":[]},{"id":"demo_news_vitals/news/tidpunkt/klinisk_riskkategori","rows":[]},{"id":"demo_news_vitals/news/tidpunkt/kommentar","rows":[]},{"id":"demo_news_vitals/news/tidpunkt/time","rows":[]}]},{"width":"50%","children":[{"id":"demo_news_vitals/news/tidpunkt/syremättnad","rows":[]},{"id":"demo_news_vitals/news/tidpunkt/kroppstemperatur","rows":[]},{"id":"demo_news_vitals/news/tidpunkt/systoliskt_blodtryck","rows":[]}]}]},{"cols":[{"width":"100%","children":[]}]}]}]}]}]}]}]