[{"col":1,"row":1,"width":16,"height":203,"children":[{"id":"pre-procurement-demo-dips","rows":[{"cols":[{"width":"50%","children":[{"id":"pre-procurement-demo-dips/problem_diagnos","rows":[{"cols":[{"width":"100%","children":[{"id":"pre-procurement-demo-dips/problem_diagnos/traumatic_injury@Traumatic injury","rows":[]},{"id":"pre-procurement-demo-dips/problem_diagnos/date_time_of_injury@Date/time of injury","rows":[]},{"id":"pre-procurement-demo-dips/problem_diagnos/anatomisk_plats","rows":[]},{"id":"pre-procurement-demo-dips/problem_diagnos/klinisk_beskrivning","rows":[]},{"id":"pre-procurement-demo-dips/problem_diagnos/multimediaresurs","rows":[{"cols":[{"width":"100%","children":[{"id":"pre-procurement-demo-dips/problem_diagnos/multimediaresurs/namn","rows":[]},{"id":"pre-procurement-demo-dips/problem_diagnos/multimediaresurs/beskrivning","rows":[]},{"id":"pre-procurement-demo-dips/problem_diagnos/multimediaresurs/multimedia","rows":[]},{"id":"pre-procurement-demo-dips/problem_diagnos/multimediaresurs/url","rows":[]},{"id":"pre-procurement-demo-dips/problem_diagnos/multimediaresurs/källa","rows":[]},{"id":"pre-procurement-demo-dips/problem_diagnos/multimediaresurs/författare","rows":[]},{"id":"pre-procurement-demo-dips/problem_diagnos/multimediaresurs/skapad","rows":[]},{"id":"pre-procurement-demo-dips/problem_diagnos/multimediaresurs/publicerad","rows":[]},{"id":"pre-procurement-demo-dips/problem_diagnos/multimediaresurs/version","rows":[]}]}]}]}]}]}]},{"id":"pre-procurement-demo-dips/news","rows":[{"cols":[{"width":"100%","children":[{"id":"pre-procurement-demo-dips/news/tidpunkt/time","rows":[]},{"id":"pre-procurement-demo-dips/news/tidpunkt/syremättnad","rows":[]},{"id":"pre-procurement-demo-dips/news/tidpunkt/syrgastillförsel","rows":[]},{"id":"pre-procurement-demo-dips/news/tidpunkt/andningsfrekvens","rows":[]},{"id":"pre-procurement-demo-dips/news/tidpunkt/hjärtfrekvens","rows":[]},{"id":"pre-procurement-demo-dips/news/tidpunkt/totalpoäng_(news)","rows":[]},{"id":"pre-procurement-demo-dips/news/tidpunkt/klinisk_riskkategori","rows":[]}]}]}]}]},{"width":"50%","children":[{"id":"pre-procurement-demo-dips/vital_parameters@Vital parameters","rows":[{"cols":[{"width":"100%","children":[{"id":"pre-procurement-demo-dips/vital_parameters@Vital parameters/pulsoximetri","rows":[{"cols":[{"width":"100%","children":[{"id":"pre-procurement-demo-dips/vital_parameters@Vital parameters/pulsoximetri/ospecificerad_händelse/time","rows":[]},{"id":"pre-procurement-demo-dips/vital_parameters@Vital parameters/pulsoximetri/ospecificerad_händelse/spo₂","rows":[]},{"id":"pre-procurement-demo-dips/vital_parameters@Vital parameters/pulsoximetri/mätplats","rows":[]},{"id":"pre-procurement-demo-dips/vital_parameters@Vital parameters/pulsoximetri/ospecificerad_händelse/tillfört_syre","rows":[{"cols":[{"width":"100%","children":[{"id":"pre-procurement-demo-dips/vital_parameters@Vital parameters/pulsoximetri/ospecificerad_händelse/tillfört_syre/enbart_luft","rows":[]},{"id":"pre-procurement-demo-dips/vital_parameters@Vital parameters/pulsoximetri/ospecificerad_händelse/tillfört_syre/flödeshastighet","rows":[]}]}]}]}]}]}]},{"id":"pre-procurement-demo-dips/vital_parameters@Vital parameters/andning","rows":[{"cols":[{"width":"100%","children":[{"id":"pre-procurement-demo-dips/vital_parameters@Vital parameters/andning/ospecificerad_händelse/time","rows":[]},{"id":"pre-procurement-demo-dips/vital_parameters@Vital parameters/andning/ospecificerad_händelse/förekomst","rows":[]},{"id":"pre-procurement-demo-dips/vital_parameters@Vital parameters/andning/ospecificerad_händelse/frekvens","rows":[]},{"id":"pre-procurement-demo-dips/vital_parameters@Vital parameters/andning/ospecificerad_händelse/tillfört_syre","rows":[{"cols":[{"width":"100%","children":[{"id":"pre-procurement-demo-dips/vital_parameters@Vital parameters/andning/ospecificerad_händelse/tillfört_syre/enbart_luft","rows":[]},{"id":"pre-procurement-demo-dips/vital_parameters@Vital parameters/andning/ospecificerad_händelse/tillfört_syre/flödeshastighet","rows":[]}]}]}]}]}]}]},{"id":"pre-procurement-demo-dips/vital_parameters@Vital parameters/puls_hjärtfrekvens","rows":[{"cols":[{"width":"100%","children":[{"id":"pre-procurement-demo-dips/vital_parameters@Vital parameters/puls_hjärtfrekvens/ospecificerad_händelse/time","rows":[]},{"id":"pre-procurement-demo-dips/vital_parameters@Vital parameters/puls_hjärtfrekvens/ospecificerad_händelse/frekvens","rows":[]},{"id":"pre-procurement-demo-dips/vital_parameters@Vital parameters/puls_hjärtfrekvens/ospecificerad_händelse/regelbunden","rows":[]},{"id":"pre-procurement-demo-dips/vital_parameters@Vital parameters/puls_hjärtfrekvens/ospecificerad_händelse/oregelbunden_typ","rows":[]},{"id":"pre-procurement-demo-dips/vital_parameters@Vital parameters/puls_hjärtfrekvens/ospecificerad_händelse/kroppsställning","rows":[]},{"id":"pre-procurement-demo-dips/vital_parameters@Vital parameters/puls_hjärtfrekvens/metod","rows":[]},{"id":"pre-procurement-demo-dips/vital_parameters@Vital parameters/puls_hjärtfrekvens/lokalisation","rows":[{"cols":[{"width":"100%","children":[{"id":"pre-procurement-demo-dips/vital_parameters@Vital parameters/puls_hjärtfrekvens/lokalisation/value","rows":[]},{"id":"pre-procurement-demo-dips/vital_parameters@Vital parameters/puls_hjärtfrekvens/lokalisation/value2","rows":[]}]}]}]}]}]}]}]}]}]}]}]},{"cols":[{"width":"100%","children":[]}]}]},{"id":"generic-field-11437","rows":[]},{"id":"generic-field-03350","rows":[{"cols":[{"width":"50%","children":[{"id":"pre-procurement-demo-dips/start_time","rows":[]}]},{"width":"50%","children":[{"id":"pre-procurement-demo-dips/end_time","rows":[]}]}]}]}]}]