{"name":"Form root","localizedNames":{},"localizedDescriptions":{},"rmType":"FORM_DEFINITION","min":0,"max":0,"formId":"form_root","viewConfig":{"label":{"custom":false,"useLocalizations":false},"size":{"field":"inherit","label":"inherit"},"layout":{"label":{"valign":"inherit","align":"inherit"},"field":{"valign":"inherit","align":"inherit"}},"annotations":{}},"children":[{"name":"pre-procurement-demo-dips","localizedName":"pre-procurement-demo-dips","localizedNames":{"en":"pre-procurement-demo-dips","sv":"pre-procurement-demo-dips"},"localizedDescriptions":{"sv":"Interaktion, kontakt eller vårdhändelse mellan vårdtagare och vårdgivare inom hälso- och sjukvården.","en":"Interaction, contact or care event between a subject of care and healthcare provider(s)."},"rmType":"COMPOSITION","nodeId":"openEHR-EHR-COMPOSITION.encounter.v1","min":1,"max":1,"aqlPath":"/","inputs":[],"formId":"pre-procurement-demo-dips","viewConfig":{"multiplicity":{"min":1,"max":1},"advanced":{"hidden":false,"readonly":false,"hideFrame":false,"render":false},"label":{"custom":false,"useLocalizations":false},"size":{"field":"inherit","label":"inherit"},"layout":{"label":{"valign":"inherit","align":"top"},"field":{"valign":"inherit","align":"inherit"}},"annotations":{},"field":{}},"children":[{"name":"Problem/Diagnos","localizedName":"Problem/Diagnos","localizedNames":{"en":"Problem/Diagnosis","sv":"Problem/Diagnos"},"localizedDescriptions":{"sv":"Detaljer av ett enskilt identifierat hälsotillstånd, skada, funktionshinder eller något annat problem som påverkar individens fysiska, psykiska och eller sociala välbefinnande.","en":"Details about a single identified health condition, injury, disability or any other issue which impacts on the physical, mental and/or social well-being of an individual."},"rmType":"EVALUATION","nodeId":"openEHR-EHR-EVALUATION.problem_diagnosis.v1","min":1,"max":1,"aqlPath":"/content[openEHR-EHR-EVALUATION.problem_diagnosis.v1]","inputs":[],"formId":"pre-procurement-demo-dips/problem_diagnos","viewConfig":{"multiplicity":{"min":1,"max":1},"advanced":{"hidden":false,"readonly":false,"hideFrame":false,"render":false},"label":{"custom":false,"useLocalizations":false},"size":{"field":"inherit","label":"-1"},"layout":{"label":{"valign":"inherit","align":"inherit"},"field":{"valign":"inherit","align":"inherit"}},"annotations":{"alertType":"SUCCESS"},"field":{},"tags":["HideLabel"]},"children":[{"name":"Traumatic injury","localizedName":"Traumatisk skada","localizedNames":{"en":"Traumatic injury","sv":"Traumatisk skada"},"localizedDescriptions":{"sv":"Identifiering av problemet eller diagnosen efter namn.","en":"Identification of the problem or diagnosis, by name."},"rmType":"DV_CODED_TEXT","nodeId":"at0002","min":1,"max":1,"aqlPath":"/content[openEHR-EHR-EVALUATION.problem_diagnosis.v1]/data[at0001]/items[at0002 and name/value='Traumatic injury']/value","inputs":[{"suffix":"code","type":"TEXT","terminology":"ICD10?subset=ICD10&language=en-GB","listOpen":false},{"suffix":"value","type":"TEXT","terminology":"ICD10?subset=ICD10&language=en-GB","listOpen":false}],"formId":"pre-procurement-demo-dips/problem_diagnos/traumatic_injury@Traumatic injury","viewConfig":{"multiplicity":{"min":1,"max":1},"advanced":{"hidden":false,"readonly":false,"hideFrame":false,"render":false},"label":{"custom":false,"useLocalizations":false},"size":{"field":"inherit","label":"inherit"},"layout":{"label":{"valign":"inherit","align":"inherit"},"field":{"valign":"inherit","align":"inherit"}},"datasource":{"loadRemote":true,"loadRemoteUrl":"ICD10?subset=ICD10&language=en-GB"},"annotations":{},"field":{}}},{"name":"Date/time of injury","localizedName":"Datum / tid för skada","localizedNames":{"en":"Date/time of injury","sv":"Datum / tid för skada"},"localizedDescriptions":{"sv":"Uppskattat eller reellt datum och tid när problemets eller diagnosens tecken eller symtom först observerades.","en":"Estimated or actual date/time that signs or symptoms of the problem/diagnosis were first observed."},"rmType":"DV_DATE_TIME","nodeId":"at0077","min":0,"max":1,"aqlPath":"/content[openEHR-EHR-EVALUATION.problem_diagnosis.v1]/data[at0001]/items[at0077 and name/value='Date/time of injury']/value","inputs":[{"type":"DATETIME","listOpen":false}],"formId":"pre-procurement-demo-dips/problem_diagnos/date_time_of_injury@Date/time of injury","viewConfig":{"multiplicity":{"min":0,"max":1},"advanced":{"hidden":false,"readonly":false,"hideFrame":false,"render":false},"label":{"custom":false,"useLocalizations":false},"size":{"field":"inherit","label":"inherit"},"layout":{"label":{"valign":"inherit","align":"inherit"},"field":{"valign":"inherit","align":"inherit"}},"annotations":{"constraint.func.upper":"nowticks()"},"field":{"input":{"hideTime":false,"dateFormat":"","hideDate":false}}}},{"name":"Anatomisk plats","localizedName":"Anatomisk plats","localizedNames":{"en":"Body site","sv":"Anatomisk plats"},"localizedDescriptions":{"sv":"Identifiering av problemets eller diagnosens anatomiska plats.","en":"Identification of a simple body site for the location of the problem or diagnosis."},"rmType":"DV_CODED_TEXT","nodeId":"at0012","min":1,"max":-1,"aqlPath":"/content[openEHR-EHR-EVALUATION.problem_diagnosis.v1]/data[at0001]/items[at0012]/value","inputs":[{"suffix":"code","type":"CODED_TEXT","list":[{"value":"80768000","label":"Vänster arm","ordinal":0,"localizedLabels":{"sv":"Vänster arm","en":"*Vänster arm (sv)"},"localizedDescriptions":{}},{"value":"6921000","label":"Höger arm","ordinal":0,"localizedLabels":{"sv":"Höger arm","en":"*Höger arm (sv)"},"localizedDescriptions":{}},{"value":"32153003","label":"Vänster ben","ordinal":0,"localizedLabels":{"sv":"Vänster ben","en":"*Vänster ben (sv)"},"localizedDescriptions":{}},{"value":"62175007","label":"Höger ben","ordinal":0,"localizedLabels":{"sv":"Höger ben","en":"*Höger ben (sv)"},"localizedDescriptions":{}}],"listOpen":false}],"formId":"pre-procurement-demo-dips/problem_diagnos/anatomisk_plats","viewConfig":{"multiplicity":{"min":1,"max":-1},"advanced":{"hidden":false,"readonly":false,"hideFrame":false,"render":false},"label":{"custom":false,"useLocalizations":false},"size":{"field":"inherit","label":"inherit"},"layout":{"label":{"valign":"inherit","align":"inherit"},"field":{"valign":"inherit","align":"inherit"}},"annotations":{},"field":{"code":{"presentation":"combobox","columns":"4"}},"tags":["ShowAsSelectionList"]}},{"name":"Klinisk beskrivning","localizedName":"Klinisk beskrivning","localizedNames":{"en":"Clinical description","sv":"Klinisk beskrivning"},"localizedDescriptions":{"sv":"En beskrivning av problemet eller diagnosen.","en":"Narrative description about the problem or diagnosis."},"rmType":"DV_TEXT","nodeId":"at0009","min":0,"max":1,"aqlPath":"/content[openEHR-EHR-EVALUATION.problem_diagnosis.v1]/data[at0001]/items[at0009]/value","inputs":[{"type":"TEXT","list":[],"listOpen":false}],"formId":"pre-procurement-demo-dips/problem_diagnos/klinisk_beskrivning","viewConfig":{"multiplicity":{"min":0,"max":1},"advanced":{"hidden":false,"readonly":false,"hideFrame":false,"render":false},"label":{"custom":false,"useLocalizations":false},"size":{"field":"inherit","label":"inherit"},"layout":{"label":{"valign":"inherit","align":"inherit"},"field":{"valign":"inherit","align":"inherit"}},"datasource":{"loadRemote":false,"parameters":{}},"annotations":{},"field":{"lines":"5","input":{"lines":5},"formatting":"markdown"}}},{"name":"Multimediaresurs","localizedName":"Multimediaresurs","localizedNames":{"en":"Multimedia Resource","sv":"Multimediaresurs"},"localizedDescriptions":{"sv":"Detaljer om en multimedial representation av klinisk information.","en":"Details about an multimedia representation of the clinical data."},"rmType":"CLUSTER","nodeId":"openEHR-EHR-CLUSTER.multimedia.v0","min":0,"max":-1,"aqlPath":"/content[openEHR-EHR-EVALUATION.problem_diagnosis.v1]/data[at0001]/items[openEHR-EHR-CLUSTER.multimedia.v0]","inputs":[],"formId":"pre-procurement-demo-dips/problem_diagnos/multimediaresurs","viewConfig":{"multiplicity":{"min":0,"max":-1},"advanced":{"hidden":false,"readonly":false,"hideFrame":false,"render":false},"label":{"custom":false,"useLocalizations":false},"size":{"field":"inherit","label":"inherit"},"layout":{"label":{"valign":"inherit","align":"inherit"},"field":{"valign":"inherit","align":"inherit"}},"annotations":{},"field":{},"tags":["ForceMinMultiplicity","ShowAsMasterDetail"]},"children":[{"name":"Namn","localizedName":"Namn","localizedNames":{"en":"Name","sv":"Namn"},"localizedDescriptions":{"sv":"Namn på eller identifierare för en multimediaresurs.","en":"Title or identification of the multimedia resource."},"rmType":"DV_TEXT","nodeId":"at0002","min":0,"max":1,"aqlPath":"/content[openEHR-EHR-EVALUATION.problem_diagnosis.v1]/data[at0001]/items[openEHR-EHR-CLUSTER.multimedia.v0]/items[at0002]/value","inputs":[{"type":"TEXT","list":[],"listOpen":false}],"formId":"pre-procurement-demo-dips/problem_diagnos/multimediaresurs/namn","viewConfig":{"multiplicity":{"min":0,"max":1},"advanced":{"hidden":false,"readonly":false,"hideFrame":false,"render":false},"label":{"custom":false,"useLocalizations":false},"size":{"field":"inherit","label":"inherit"},"layout":{"label":{"valign":"inherit","align":"inherit"},"field":{"valign":"inherit","align":"inherit"}},"datasource":{"loadRemote":false,"parameters":{}},"annotations":{},"field":{"lines":null,"input":{},"formatting":null},"tags":["IncludeInMasterDetail"]}},{"name":"Beskrivning","localizedName":"Beskrivning","localizedNames":{"en":"Description","sv":"Beskrivning"},"localizedDescriptions":{"sv":"Beskrivning av multimediaresursen.","en":"Narrative description of the multimedia resource."},"rmType":"DV_TEXT","nodeId":"at0005","min":0,"max":1,"aqlPath":"/content[openEHR-EHR-EVALUATION.problem_diagnosis.v1]/data[at0001]/items[openEHR-EHR-CLUSTER.multimedia.v0]/items[at0005]/value","inputs":[{"type":"TEXT","list":[],"listOpen":false}],"formId":"pre-procurement-demo-dips/problem_diagnos/multimediaresurs/beskrivning","viewConfig":{"multiplicity":{"min":0,"max":1},"advanced":{"hidden":false,"readonly":false,"hideFrame":false,"render":false},"label":{"custom":false,"useLocalizations":false},"size":{"field":"inherit","label":"inherit"},"layout":{"label":{"valign":"inherit","align":"inherit"},"field":{"valign":"inherit","align":"inherit"}},"datasource":{"loadRemote":false,"parameters":{}},"annotations":{},"field":{"lines":null,"input":{},"formatting":null}}},{"name":"Multimedia","localizedName":"Multimedia","localizedNames":{"en":"Multimedia","sv":"Multimedia"},"localizedDescriptions":{"sv":"Multimedial representation av en klinisk observation eller ett kliniskt fynd.","en":"Multimedia representation of the clinical observation or finding."},"rmType":"DV_MULTIMEDIA","nodeId":"at0001","min":0,"max":1,"aqlPath":"/content[openEHR-EHR-EVALUATION.problem_diagnosis.v1]/data[at0001]/items[openEHR-EHR-CLUSTER.multimedia.v0]/items[at0001]/value","inputs":[{"type":"TEXT","listOpen":false}],"formId":"pre-procurement-demo-dips/problem_diagnos/multimediaresurs/multimedia","viewConfig":{"multiplicity":{"min":0,"max":1},"advanced":{"hidden":false,"readonly":false,"hideFrame":false,"render":false},"label":{"custom":false,"useLocalizations":false},"size":{"field":"inherit","label":"inherit"},"layout":{"label":{"valign":"inherit","align":"inherit"},"field":{"valign":"inherit","align":"inherit"}},"annotations":{},"field":{"input":{}},"tags":["IncludeInMasterDetail"]}},{"name":"URL","localizedName":"URL","localizedNames":{"en":"URL","sv":"URL"},"localizedDescriptions":{"sv":"Internetlänk till multimediaresursen.","en":"Internet link to the multimedia resource."},"rmType":"DV_URI","nodeId":"at0008","min":0,"max":1,"aqlPath":"/content[openEHR-EHR-EVALUATION.problem_diagnosis.v1]/data[at0001]/items[openEHR-EHR-CLUSTER.multimedia.v0]/items[at0008]/value","inputs":[{"type":"TEXT","listOpen":false}],"formId":"pre-procurement-demo-dips/problem_diagnos/multimediaresurs/url","viewConfig":{"multiplicity":{"min":0,"max":1},"advanced":{"hidden":false,"readonly":false,"hideFrame":false,"render":false},"label":{"custom":false,"useLocalizations":false},"size":{"field":"inherit","label":"inherit"},"layout":{"label":{"valign":"inherit","align":"inherit"},"field":{"valign":"inherit","align":"inherit"}},"annotations":{},"field":{"input":{}}}},{"name":"Källa","localizedName":"Källa","localizedNames":{"en":"Source","sv":"Källa"},"localizedDescriptions":{"sv":"Källan till multimediaresursen.","en":"The source of the multimedia resource."},"rmType":"DV_TEXT","nodeId":"at0003","min":0,"max":1,"aqlPath":"/content[openEHR-EHR-EVALUATION.problem_diagnosis.v1]/data[at0001]/items[openEHR-EHR-CLUSTER.multimedia.v0]/items[at0003]/value","inputs":[{"type":"TEXT","list":[],"listOpen":false}],"formId":"pre-procurement-demo-dips/problem_diagnos/multimediaresurs/källa","viewConfig":{"multiplicity":{"min":0,"max":1},"advanced":{"hidden":false,"readonly":false,"hideFrame":false,"render":false},"label":{"custom":false,"useLocalizations":false},"size":{"field":"inherit","label":"inherit"},"layout":{"label":{"valign":"inherit","align":"inherit"},"field":{"valign":"inherit","align":"inherit"}},"datasource":{"loadRemote":false,"parameters":{}},"annotations":{},"field":{"lines":null,"input":{},"formatting":null}}},{"name":"Författare","localizedName":"Författare","localizedNames":{"en":"Author","sv":"Författare"},"localizedDescriptions":{"sv":"Namnet på den som skapat resursen.","en":"Name of the creator of the resource."},"rmType":"DV_TEXT","nodeId":"at0009","min":0,"max":1,"aqlPath":"/content[openEHR-EHR-EVALUATION.problem_diagnosis.v1]/data[at0001]/items[openEHR-EHR-CLUSTER.multimedia.v0]/items[at0009]/value","inputs":[{"type":"TEXT","list":[],"listOpen":false}],"formId":"pre-procurement-demo-dips/problem_diagnos/multimediaresurs/författare","viewConfig":{"multiplicity":{"min":0,"max":1},"advanced":{"hidden":false,"readonly":false,"hideFrame":false,"render":false},"label":{"custom":false,"useLocalizations":false},"size":{"field":"inherit","label":"inherit"},"layout":{"label":{"valign":"inherit","align":"inherit"},"field":{"valign":"inherit","align":"inherit"}},"datasource":{"loadRemote":false,"parameters":{}},"annotations":{},"field":{"lines":null,"input":{},"formatting":null}}},{"name":"Skapad","localizedName":"Skapad","localizedNames":{"en":"Date created","sv":"Skapad"},"localizedDescriptions":{"sv":"Datum/tid då multimediaresursen skapades.","en":"Date/time that the multimedia resource was created."},"rmType":"DV_DATE_TIME","nodeId":"at0004","min":0,"max":1,"aqlPath":"/content[openEHR-EHR-EVALUATION.problem_diagnosis.v1]/data[at0001]/items[openEHR-EHR-CLUSTER.multimedia.v0]/items[at0004]/value","inputs":[{"type":"DATETIME","listOpen":false}],"formId":"pre-procurement-demo-dips/problem_diagnos/multimediaresurs/skapad","viewConfig":{"multiplicity":{"min":0,"max":1},"advanced":{"hidden":false,"readonly":false,"hideFrame":false,"render":false},"label":{"custom":false,"useLocalizations":false},"size":{"field":"inherit","label":"inherit"},"layout":{"label":{"valign":"inherit","align":"inherit"},"field":{"valign":"inherit","align":"inherit"}},"annotations":{},"field":{"input":{"hideTime":false,"dateFormat":"","hideDate":false}}}},{"name":"Publicerad","localizedName":"Publicerad","localizedNames":{"en":"Date published","sv":"Publicerad"},"localizedDescriptions":{"sv":"Datum/tid då multimediaresursen publicerades.","en":"Date/time that the multimedia resource was published."},"rmType":"DV_DATE_TIME","nodeId":"at0006","min":0,"max":1,"aqlPath":"/content[openEHR-EHR-EVALUATION.problem_diagnosis.v1]/data[at0001]/items[openEHR-EHR-CLUSTER.multimedia.v0]/items[at0006]/value","inputs":[{"type":"DATETIME","listOpen":false}],"formId":"pre-procurement-demo-dips/problem_diagnos/multimediaresurs/publicerad","viewConfig":{"multiplicity":{"min":0,"max":1},"advanced":{"hidden":false,"readonly":false,"hideFrame":false,"render":false},"label":{"custom":false,"useLocalizations":false},"size":{"field":"inherit","label":"inherit"},"layout":{"label":{"valign":"inherit","align":"inherit"},"field":{"valign":"inherit","align":"inherit"}},"annotations":{},"field":{"input":{"hideTime":false,"dateFormat":"","hideDate":false}}}},{"name":"Version","localizedName":"Version","localizedNames":{"en":"Version","sv":"Version"},"localizedDescriptions":{"sv":"Multimediaresursens version.","en":"The version of the multimedia resource."},"rmType":"DV_TEXT","nodeId":"at0007","min":0,"max":1,"aqlPath":"/content[openEHR-EHR-EVALUATION.problem_diagnosis.v1]/data[at0001]/items[openEHR-EHR-CLUSTER.multimedia.v0]/items[at0007]/value","inputs":[{"type":"TEXT","list":[],"listOpen":false}],"formId":"pre-procurement-demo-dips/problem_diagnos/multimediaresurs/version","viewConfig":{"multiplicity":{"min":0,"max":1},"advanced":{"hidden":false,"readonly":false,"hideFrame":false,"render":false},"label":{"custom":false,"useLocalizations":false},"size":{"field":"inherit","label":"inherit"},"layout":{"label":{"valign":"inherit","align":"inherit"},"field":{"valign":"inherit","align":"inherit"}},"datasource":{"loadRemote":false,"parameters":{}},"annotations":{},"field":{"lines":null,"input":{},"formatting":null}}}]}]},{"name":"NEWS","localizedName":"NEWS","localizedNames":{"en":"NEWS (UK RCP)","sv":"NEWS"},"localizedDescriptions":{"sv":"NEWS (National Early Warning Score) är en poängskala som används för att ge en objektiv indikation om försämring av patientens kliniska status. Denna version följer riktlinjer utfärdade av UK Royal College of Physicians.","en":"NEWS (National Early Warning Score) is a simple score used to provide an objective indication of a patient's degree of clinical deterioration. This version follows guidance issued by the UK Royal College of Physicians."},"rmType":"OBSERVATION","nodeId":"openEHR-EHR-OBSERVATION.news_uk_rcp.v1","min":0,"max":1,"aqlPath":"/content[openEHR-EHR-OBSERVATION.news_uk_rcp.v1]","inputs":[],"formId":"pre-procurement-demo-dips/news","viewConfig":{"multiplicity":{"min":0,"max":1},"advanced":{"hidden":false,"readonly":false,"hideFrame":false,"render":false},"label":{"custom":false,"useLocalizations":false},"size":{"field":"inherit","label":"inherit"},"layout":{"label":{"valign":"inherit","align":"left"},"field":{"valign":"inherit","align":"inherit"}},"annotations":{"alertType":"WARNING"},"field":{}},"children":[{"name":"Time","localizedName":"Time","localizedNames":{"en":"*Time (en)","sv":"Time"},"localizedDescriptions":{},"rmType":"DV_DATE_TIME","min":0,"max":1,"aqlPath":"/content[openEHR-EHR-OBSERVATION.news_uk_rcp.v1]/data[at0001]/events[at0002]/time","inputs":[{"type":"DATETIME","listOpen":false}],"formId":"pre-procurement-demo-dips/news/tidpunkt/time","viewConfig":{"multiplicity":{"min":0,"max":1},"advanced":{"hidden":false,"readonly":false,"hideFrame":false,"render":false},"label":{"custom":false,"useLocalizations":false},"size":{"field":"inherit","label":"inherit"},"layout":{"label":{"valign":"inherit","align":"inherit"},"field":{"valign":"inherit","align":"inherit"}},"annotations":{"calc":"$eventTime"},"field":{"input":{"hideTime":false,"dateFormat":"","hideDate":false}}}},{"name":"Syremättnad","localizedName":"Syremättnad","localizedNames":{"en":"Oxygen saturation","sv":"Syremättnad"},"localizedDescriptions":{"sv":"Intervall för uppmätt syremättnad (saturation).","en":"Range category for the oxygen saturation measurement of a patient."},"rmType":"DV_ORDINAL","nodeId":"at0029","min":0,"max":1,"aqlPath":"/content[openEHR-EHR-OBSERVATION.news_uk_rcp.v1]/data[at0001]/events[at0002]/data[at0003]/items[at0029]/value","inputs":[{"type":"CODED_TEXT","list":[{"value":"at0030","label":">= 96","ordinal":0,"localizedLabels":{"sv":">= 96","en":">= 96"},"localizedDescriptions":{"sv":"Syremättnad (saturation) högre än eller lika med 96%. Sätts till 0 poäng.","en":"The oxygen saturation level is greater than/equal to 96%;scored as 0 points."}},{"value":"at0031","label":"94-95","ordinal":1,"localizedLabels":{"sv":"94-95","en":"94-95"},"localizedDescriptions":{"sv":"Syremättnad (saturation) mellan 94% och 95%. Sätts till 1 poäng.","en":"The oxygen saturation level is between 94% and 95%; scored as 1 point."}},{"value":"at0032","label":"92-93","ordinal":2,"localizedLabels":{"sv":"92-93","en":"92-93"},"localizedDescriptions":{"sv":"Syremättnad (saturation) mellan 92% och 93%. Sätts till 2 poäng.","en":"The oxygen saturation level is between 92% and 93%; scored as 2 points."}},{"value":"at0033","label":"<=91","ordinal":3,"localizedLabels":{"sv":"<=91","en":"<=91"},"localizedDescriptions":{"sv":"Syremättnad (saturation) lägre än eller lika med 91%. Sätts till 3 poäng.","en":"The oxygen saturation level is less than/equal to 91%; scored as 3 points."}}],"listOpen":false}],"formId":"pre-procurement-demo-dips/news/tidpunkt/syremättnad","viewConfig":{"multiplicity":{"min":0,"max":1},"advanced":{"hidden":false,"readonly":false,"hideFrame":false,"render":false},"label":{"custom":false,"useLocalizations":false},"size":{"field":"inherit","label":"inherit"},"layout":{"label":{"valign":"inherit","align":"inherit"},"field":{"valign":"inherit","align":"inherit"}},"annotations":{"calcId":"news01"},"field":{"presentation":"combobox","columns":"4","input":{"presentation":"combobox","columns":"4"}}}},{"name":"Syrgastillförsel","localizedName":"Syrgastillförsel","localizedNames":{"en":"Supplemental oxygen","sv":"Syrgastillförsel"},"localizedDescriptions":{"sv":"Kategorier för aktiv syrgastillförsel.","en":"Range category depending on whether the patient is receiving supplemental oxygen."},"rmType":"DV_ORDINAL","nodeId":"at0034","min":0,"max":1,"aqlPath":"/content[openEHR-EHR-OBSERVATION.news_uk_rcp.v1]/data[at0001]/events[at0002]/data[at0003]/items[at0034]/value","inputs":[{"type":"CODED_TEXT","list":[{"value":"at0036","label":"Nej","ordinal":0,"localizedLabels":{"sv":"Nej","en":"No"},"localizedDescriptions":{"sv":"Patienten ges ingen syrgastillförsel. Sätts till 0 poäng.","en":"The patient is not receiving supplemental oxygen; scored as 0 points."}},{"value":"at0037","label":"Ja","ordinal":2,"localizedLabels":{"sv":"Ja","en":"Yes"},"localizedDescriptions":{"sv":"Patienten ges syrgastillförsel. Sätts till 2 poäng.","en":"The patient is receiving supplemental oxygen; scored as 2 points."}}],"listOpen":false}],"formId":"pre-procurement-demo-dips/news/tidpunkt/syrgastillförsel","viewConfig":{"multiplicity":{"min":0,"max":1},"advanced":{"hidden":false,"readonly":false,"hideFrame":false,"render":false},"label":{"custom":false,"useLocalizations":false},"size":{"field":"inherit","label":"inherit"},"layout":{"label":{"valign":"inherit","align":"inherit"},"field":{"valign":"inherit","align":"inherit"}},"annotations":{"calcId":"news02"},"field":{"presentation":"combobox","columns":"2","input":{"presentation":"combobox","columns":"2"}}}},{"name":"Andningsfrekvens","localizedName":"Andningsfrekvens","localizedNames":{"en":"Respiration rate","sv":"Andningsfrekvens"},"localizedDescriptions":{"sv":"Intervall för uppmätt andningsfrekvens (AF).","en":"Range category for the respiratory rate (RR) measurement of a patient."},"rmType":"DV_ORDINAL","nodeId":"at0006","min":0,"max":1,"aqlPath":"/content[openEHR-EHR-OBSERVATION.news_uk_rcp.v1]/data[at0001]/events[at0002]/data[at0003]/items[at0006]/value","inputs":[{"type":"CODED_TEXT","list":[{"value":"at0018","label":"12-20","ordinal":0,"localizedLabels":{"sv":"12-20","en":"12-20"},"localizedDescriptions":{"sv":"Andningsfrekvens mellan 12 och 20 andetag per minut. Sätts till 0 poäng.","en":"The respiratory rate measurement is between 12 and 20 breaths/min; scored as 0 points."}},{"value":"at0019","label":"9-11","ordinal":1,"localizedLabels":{"sv":"9-11","en":"9-11"},"localizedDescriptions":{"sv":"Andningsfrekvens mellan 9 och 11 andetag per minut. Sätts till 1 poäng.","en":"The respiratory rate measurement is between 9 and 11 breaths/min; scored as 1 point."}},{"value":"at0020","label":"21-24","ordinal":2,"localizedLabels":{"sv":"21-24","en":"21-24"},"localizedDescriptions":{"sv":"Andningsfrekvens mellan 21 och 24 andetag per minut. Sätts till 2 poäng.","en":"The respiratory rate measurement is between 21 and 24 breaths/min; scored as 2 points."}},{"value":"at0021","label":"<=8 eller >=25","ordinal":3,"localizedLabels":{"sv":"<=8 eller >=25","en":"<=8 or >=25"},"localizedDescriptions":{"sv":"Andningsfrekvens fler än eller lika med 8 andetag per minut, alternativt färre än eller lika med 25 andetag per minut. Sätts till 3 poäng.\r\n","en":"The respiratory rate measurement is less than/equal to 8 breaths/min or greater than/equal to 25 breaths/min; scored as 3 points."}}],"listOpen":false}],"formId":"pre-procurement-demo-dips/news/tidpunkt/andningsfrekvens","viewConfig":{"multiplicity":{"min":0,"max":1},"advanced":{"hidden":false,"readonly":false,"hideFrame":false,"render":false},"label":{"custom":false,"useLocalizations":false},"size":{"field":"inherit","label":"inherit"},"layout":{"label":{"valign":"inherit","align":"inherit"},"field":{"valign":"inherit","align":"inherit"}},"annotations":{"calcId":"news03"},"field":{"presentation":"combobox","columns":"4","input":{"presentation":"combobox","columns":"4"}}}},{"name":"Hjärtfrekvens","localizedName":"Hjärtfrekvens","localizedNames":{"en":"Heart rate","sv":"Hjärtfrekvens"},"localizedDescriptions":{"sv":"Intervall för uppmätt hjärtfrekvens.","en":"Range category for the heart rate (HR) measurement of a patient."},"rmType":"DV_ORDINAL","nodeId":"at0005","min":0,"max":1,"aqlPath":"/content[openEHR-EHR-OBSERVATION.news_uk_rcp.v1]/data[at0001]/events[at0002]/data[at0003]/items[at0005]/value","inputs":[{"type":"CODED_TEXT","list":[{"value":"at0013","label":"51-90","ordinal":0,"localizedLabels":{"sv":"51-90","en":"51-90"},"localizedDescriptions":{"sv":"Hjärtfrekvens mellan 51 och 90 slag per minut. Sätts till 0 poäng.","en":"The heart rate measurement is between 51 and 90 beats/min; scored as 0 points."}},{"value":"at0012","label":"41-50 eller 91-110","ordinal":1,"localizedLabels":{"sv":"41-50 eller 91-110","en":"41-50 or 91-110"},"localizedDescriptions":{"sv":"Hjärtfrekvens mellan 41 och 50 slag per minut, alternativt mellan 91 och 110 slag per minut. Sätts till 1 poäng.","en":"The heart rate measurement is between 41 and 50 beats/min or between 91 and 110 beats/min; scored as 1 point."}},{"value":"at0011","label":"111-130","ordinal":2,"localizedLabels":{"sv":"111-130","en":"111-130"},"localizedDescriptions":{"sv":"Hjärtfrekvens mellan 111 och 130 slag per minut . Sätts till 2 poäng.","en":"The heart rate measurement is between 111 and 130 beats/min; scored as 2 points."}},{"value":"at0010","label":"<=40 eller >=131","ordinal":3,"localizedLabels":{"sv":"<=40 eller >=131","en":"<=40 or >=131"},"localizedDescriptions":{"sv":"Hjärtfrekvens lägre än eller lika med 40 slag per minut, alternativt högre än eller lika med 131 slag per minut. Sätts till 3 poäng.","en":"The heart rate measurement is less than/equal to 40 beats/min or greater than/equal to 131 beats/min; scored as 3 points."}}],"listOpen":false}],"formId":"pre-procurement-demo-dips/news/tidpunkt/hjärtfrekvens","viewConfig":{"multiplicity":{"min":0,"max":1},"advanced":{"hidden":false,"readonly":false,"hideFrame":false,"render":false},"label":{"custom":false,"useLocalizations":false},"size":{"field":"inherit","label":"inherit"},"layout":{"label":{"valign":"inherit","align":"inherit"},"field":{"valign":"inherit","align":"inherit"}},"annotations":{"calcId":"news04"},"field":{"presentation":"combobox","columns":"4","input":{"presentation":"combobox","columns":"4"}}}},{"name":"Totalpoäng (NEWS)","localizedName":"Totalpoäng (NEWS)","localizedNames":{"en":"Total score","sv":"Totalpoäng (NEWS)"},"localizedDescriptions":{"sv":"Summan av alla NEWS-poäng.","en":"The total sum of all the NEWS parameter ordinals."},"rmType":"DV_COUNT","nodeId":"at0028","min":0,"max":1,"aqlPath":"/content[openEHR-EHR-OBSERVATION.news_uk_rcp.v1]/data[at0001]/events[at0002]/data[at0003]/items[at0028]/value","inputs":[{"type":"INTEGER","validation":{"range":{"minOp":">=","min":0.0,"maxOp":"<=","max":20.0}},"defaultValue":"","listOpen":false}],"formId":"pre-procurement-demo-dips/news/tidpunkt/totalpoäng_(news)","viewConfig":{"multiplicity":{"min":0,"max":1},"advanced":{"hidden":false,"readonly":false,"hideFrame":false,"render":false},"label":{"custom":false,"useLocalizations":false},"size":{"field":"inherit","label":"inherit"},"layout":{"label":{"valign":"inherit","align":"inherit"},"field":{"valign":"inherit","align":"inherit"}},"annotations":{"calc":"SUM(news01,news02,news03,news04)"},"field":{}}},{"name":"Klinisk riskkategori","localizedName":"Klinisk riskkategori","localizedNames":{"en":"Clinical risk category","sv":"Klinisk riskkategori"},"localizedDescriptions":{"sv":"Riskkategorisering baserad på de fysiologiska parametrarna samt beskrivning av lämplig responsnivå för avdelningen.","en":"Overall category representing the urgency and scale of the clinical response required in response to the physiological parameters."},"rmType":"DV_CODED_TEXT","nodeId":"at0047","min":0,"max":1,"aqlPath":"/content[openEHR-EHR-OBSERVATION.news_uk_rcp.v1]/data[at0001]/events[at0002]/data[at0003]/items[at0047]/value","inputs":[{"suffix":"code","type":"CODED_TEXT","list":[{"value":"at0048","label":"Låg","ordinal":0,"localizedLabels":{"sv":"Låg","en":"Low"},"localizedDescriptions":{"sv":"Avdelningsbaserade åtgärder.","en":"Ward-based response."}},{"value":"at0049","label":"Låg/medium","ordinal":0,"localizedLabels":{"sv":"Låg/medium","en":"Low-medium"},"localizedDescriptions":{"sv":"Brådskande avdelningsbaserade åtgärder.","en":"Urgent ward-based response."}},{"value":"at0050","label":"Medium","ordinal":0,"localizedLabels":{"sv":"Medium","en":"Medium"},"localizedDescriptions":{"sv":"Brådskande åtgärder.","en":"Key threshold for urgent response."}},{"value":"at0051","label":"Hög","ordinal":0,"localizedLabels":{"sv":"Hög","en":"High"},"localizedDescriptions":{"sv":"Akuta åtgärder.","en":"Urgent or emergency response."}}],"listOpen":false}],"formId":"pre-procurement-demo-dips/news/tidpunkt/klinisk_riskkategori","viewConfig":{"multiplicity":{"min":0,"max":1},"advanced":{"hidden":false,"readonly":false,"hideFrame":false,"render":false},"label":{"custom":false,"useLocalizations":false},"size":{"field":"inherit","label":"-1"},"layout":{"label":{"valign":"inherit","align":"inherit"},"field":{"valign":"inherit","align":"inherit"}},"extras":{"imageCfg":{"image":"news_risk_score.png","areas":[{"alt":"Låg","coords":"2,1,121,59","shape":"rect","indicator":"none","value":"at0048"},{"alt":"Låg/medium","coords":"119,1,239,59","shape":"rect","indicator":"none","value":"at0049"},{"alt":"Medium","coords":"239,0,361,59","shape":"rect","indicator":"none","value":"at0050"},{"alt":"Hög","coords":"361,0,479,65","shape":"rect","indicator":"none","value":"at0051"}]}},"annotations":{},"field":{"code":{"presentation":"image","columns":"4"}},"tags":["ShowImageAndCombobox","HideLabel"]}}]},{"name":"Vital parameters","localizedName":"Vital parameters","localizedNames":{"en":"*Vital parameters (en)","sv":"Vital parameters"},"localizedDescriptions":{"sv":"En allmän avsnittsrubrik som döps om i en openEHR-mall för att passa in i en specifik klinisk kontext.","en":"A generic section header which should be renamed in a template to suit a specific clinical context."},"rmType":"SECTION","nodeId":"openEHR-EHR-SECTION.adhoc.v1","min":1,"max":1,"aqlPath":"/content[openEHR-EHR-SECTION.adhoc.v1 and name/value='Vital parameters']","inputs":[],"formId":"pre-procurement-demo-dips/vital_parameters@Vital parameters","viewConfig":{"multiplicity":{"min":1,"max":1},"advanced":{"hidden":false,"readonly":false,"hideFrame":false,"render":false},"label":{"custom":false,"useLocalizations":false},"size":{"field":"inherit","label":"-1"},"layout":{"label":{"valign":"inherit","align":"inherit"},"field":{"valign":"inherit","align":"inherit"}},"annotations":{"alertType":"TIP"},"field":{},"tags":["HideLabel"]},"children":[{"name":"Pulsoximetri","localizedName":"Pulsoximetri","localizedNames":{"en":"Pulse oximetry","sv":"Pulsoximetri"},"localizedDescriptions":{"sv":"Syremättnad i blodet och relaterade mätningar, uppmätta med pulsoximetri eller CO-oximetri.","en":"Blood oxygen and related measurements, measured by pulse oximetry or pulse CO-oximetry."},"rmType":"OBSERVATION","nodeId":"openEHR-EHR-OBSERVATION.pulse_oximetry.v1","min":0,"max":1,"aqlPath":"/content[openEHR-EHR-SECTION.adhoc.v1 and name/value='Vital parameters']/items[openEHR-EHR-OBSERVATION.pulse_oximetry.v1]","inputs":[],"formId":"pre-procurement-demo-dips/vital_parameters@Vital parameters/pulsoximetri","viewConfig":{"multiplicity":{"min":0,"max":1},"advanced":{"hidden":false,"readonly":false,"hideFrame":false,"render":false},"label":{"custom":false,"useLocalizations":false},"size":{"field":"inherit","label":"inherit"},"layout":{"label":{"valign":"inherit","align":"inherit"},"field":{"valign":"inherit","align":"inherit"}},"annotations":{},"field":{}},"children":[{"name":"Time","localizedName":"Time","localizedNames":{"en":"*Time (en)","sv":"Time"},"localizedDescriptions":{},"rmType":"DV_DATE_TIME","min":0,"max":1,"aqlPath":"/content[openEHR-EHR-SECTION.adhoc.v1 and name/value='Vital parameters']/items[openEHR-EHR-OBSERVATION.pulse_oximetry.v1]/data[at0001]/events[at0002]/time","inputs":[{"type":"DATETIME","listOpen":false}],"formId":"pre-procurement-demo-dips/vital_parameters@Vital parameters/pulsoximetri/ospecificerad_händelse/time","viewConfig":{"multiplicity":{"min":0,"max":1},"advanced":{"hidden":true,"readonly":false,"hideFrame":false,"render":false},"label":{"custom":false,"useLocalizations":false},"size":{"field":"inherit","label":"inherit"},"layout":{"label":{"valign":"inherit","align":"inherit"},"field":{"valign":"inherit","align":"inherit"}},"annotations":{"calc":"$eventTime"},"field":{"input":{"hideTime":false,"dateFormat":"","hideDate":false}}}},{"name":"SpO₂","localizedName":"SpO₂","localizedNames":{"en":"SpO₂","sv":"SpO₂"},"localizedDescriptions":{"sv":"Syremättnad i perifert blod uppmätt genom pulsoximetri.","en":"The saturation of oxygen in the peripheral blood, measured via pulse oximetry."},"rmType":"DV_PROPORTION","nodeId":"at0006","min":0,"max":1,"aqlPath":"/content[openEHR-EHR-SECTION.adhoc.v1 and name/value='Vital parameters']/items[openEHR-EHR-OBSERVATION.pulse_oximetry.v1]/data[at0001]/events[at0002]/data[at0003]/items[at0006]/value","inputs":[{"suffix":"numerator","type":"DECIMAL","validation":{"range":{"minOp":">=","min":0.0,"maxOp":"<=","max":100.0}},"listOpen":false},{"suffix":"denominator","type":"DECIMAL","validation":{"range":{"minOp":">=","min":100.0,"maxOp":"<=","max":100.0}},"defaultValue":"100","listOpen":false}],"formId":"pre-procurement-demo-dips/vital_parameters@Vital parameters/pulsoximetri/ospecificerad_händelse/spo₂","viewConfig":{"multiplicity":{"min":0,"max":1},"advanced":{"hidden":false,"readonly":false,"hideFrame":false,"render":false},"label":{"custom":false,"useLocalizations":false},"size":{"field":"inherit","label":"inherit"},"layout":{"label":{"valign":"inherit","align":"inherit"},"field":{"valign":"inherit","align":"inherit"}},"annotations":{}}},{"name":"Mätplats","localizedName":"Mätplats","localizedNames":{"en":"Sensor site","sv":"Mätplats"},"localizedDescriptions":{"sv":"Plats på kroppen där sensorn satt under mätningen","en":"The site of the measurement sensor."},"rmType":"DV_TEXT","nodeId":"at0009","min":0,"max":1,"aqlPath":"/content[openEHR-EHR-SECTION.adhoc.v1 and name/value='Vital parameters']/items[openEHR-EHR-OBSERVATION.pulse_oximetry.v1]/protocol[at0007]/items[at0009]/value","inputs":[{"type":"TEXT","list":[],"listOpen":false}],"formId":"pre-procurement-demo-dips/vital_parameters@Vital parameters/pulsoximetri/mätplats","viewConfig":{"multiplicity":{"min":0,"max":1},"advanced":{"hidden":false,"readonly":false,"hideFrame":false,"render":false},"label":{"custom":false,"useLocalizations":false},"size":{"field":"inherit","label":"inherit"},"layout":{"label":{"valign":"inherit","align":"inherit"},"field":{"valign":"inherit","align":"inherit"}},"datasource":{"loadRemote":false,"parameters":{}},"annotations":{},"field":{"lines":null,"input":{},"formatting":null}}},{"name":"Tillfört syre","localizedName":"Tillfört syre","localizedNames":{"en":"Inspired oxygen","sv":"Tillfört syre"},"localizedDescriptions":{"sv":"Mängden syre som tillförs eller som ska tillföras patienten, angiven som andel, procent eller indirekt som en flödeshastighet.","en":"The amount of oxygen being delivered, or to be delivered, to the patient given as a fraction, percentage or indirectly as a flow rate."},"rmType":"CLUSTER","nodeId":"openEHR-EHR-CLUSTER.inspired_oxygen.v1","min":1,"max":1,"aqlPath":"/content[openEHR-EHR-SECTION.adhoc.v1 and name/value='Vital parameters']/items[openEHR-EHR-OBSERVATION.pulse_oximetry.v1]/data[at0001]/events[at0002]/state[at0014]/items[openEHR-EHR-CLUSTER.inspired_oxygen.v1]","inputs":[],"formId":"pre-procurement-demo-dips/vital_parameters@Vital parameters/pulsoximetri/ospecificerad_händelse/tillfört_syre","viewConfig":{"multiplicity":{"min":1,"max":1},"advanced":{"hidden":false,"readonly":false,"hideFrame":false,"render":false},"label":{"custom":false,"useLocalizations":false},"size":{"field":"inherit","label":"-1"},"layout":{"label":{"valign":"inherit","align":"inherit"},"field":{"valign":"inherit","align":"inherit"}},"annotations":{},"field":{},"tags":["HideLabel"]},"children":[{"name":"Enbart luft","localizedName":"Enbart luft","localizedNames":{"en":"On air","sv":"Enbart luft"},"localizedDescriptions":{"sv":"Patienten får luft motsvarande 21% eller 0,21 FiO₂ syrehalt och en flödeshastighet av 0 liter syre per minut.","en":"The patient is receiving air, equivalent to 21% O₂ or 0.21 FiO₂ and an oxygen flow rate of 0 litres per minute."},"rmType":"DV_BOOLEAN","nodeId":"at0057","min":0,"max":1,"aqlPath":"/content[openEHR-EHR-SECTION.adhoc.v1 and name/value='Vital parameters']/items[openEHR-EHR-OBSERVATION.pulse_oximetry.v1]/data[at0001]/events[at0002]/state[at0014]/items[openEHR-EHR-CLUSTER.inspired_oxygen.v1]/items[at0057]/value","inputs":[{"type":"BOOLEAN","defaultValue":"True","listOpen":false}],"formId":"pre-procurement-demo-dips/vital_parameters@Vital parameters/pulsoximetri/ospecificerad_händelse/tillfört_syre/enbart_luft","viewConfig":{"multiplicity":{"min":0,"max":1},"advanced":{"hidden":false,"readonly":false,"hideFrame":false,"render":false},"label":{"custom":false,"useLocalizations":false},"size":{"field":"inherit","label":"inherit"},"layout":{"label":{"valign":"inherit","align":"inherit"},"field":{"valign":"inherit","align":"inherit"}},"annotations":{"calcId":"onAir"},"field":{"input":{"threeState":true}},"tags":["ShowAsRadios"]}},{"name":"Flödeshastighet","localizedName":"Flödeshastighet","localizedNames":{"en":"Flow rate","sv":"Flödeshastighet"},"localizedDescriptions":{"sv":"Flödeshastigheten för det syre som ges till en individ.","en":"Oxygen flow rate given to an individual."},"rmType":"DV_QUANTITY","nodeId":"at0051","min":0,"max":1,"aqlPath":"/content[openEHR-EHR-SECTION.adhoc.v1 and name/value='Vital parameters']/items[openEHR-EHR-OBSERVATION.pulse_oximetry.v1]/data[at0001]/events[at0002]/state[at0014]/items[openEHR-EHR-CLUSTER.inspired_oxygen.v1]/items[at0051]/value","inputs":[{"suffix":"magnitude","type":"DECIMAL","defaultValue":"","listOpen":false},{"suffix":"unit","type":"CODED_TEXT","list":[{"value":"ml/min","label":"ml/min","validation":{"range":{"minOp":">=","min":0.0,"maxOp":"<=","max":50000.0},"precision":{"minOp":">=","min":2.0,"maxOp":"<=","max":2.0}},"ordinal":0,"localizedLabels":{},"localizedDescriptions":{}},{"value":"l/min","label":"l/min","validation":{"range":{"minOp":">=","min":0.0,"maxOp":"<=","max":50.0},"precision":{"minOp":">=","min":2.0,"maxOp":"<=","max":2.0}},"ordinal":0,"localizedLabels":{},"localizedDescriptions":{}}],"defaultValue":"l/min","listOpen":false}],"formId":"pre-procurement-demo-dips/vital_parameters@Vital parameters/pulsoximetri/ospecificerad_händelse/tillfört_syre/flödeshastighet","viewConfig":{"multiplicity":{"min":0,"max":1},"advanced":{"hidden":false,"readonly":false,"hideFrame":false,"render":false},"label":{"custom":false,"useLocalizations":false},"size":{"field":"inherit","label":"inherit"},"layout":{"label":{"valign":"inherit","align":"inherit"},"field":{"valign":"inherit","align":"inherit"}},"annotations":{"calcId":"flowRate"},"field":{}}}]}]},{"name":"Andning","localizedName":"Andning","localizedNames":{"en":"Respiration","sv":"Andning"},"localizedDescriptions":{"sv":"De observerade egenskaperna i spontanandning som vanligen skulle registreras som en del av en undersökning av \"vitalparametrar\".","en":"The characteristics of spontaneous breathing by an individual."},"rmType":"OBSERVATION","nodeId":"openEHR-EHR-OBSERVATION.respiration.v2","min":1,"max":1,"aqlPath":"/content[openEHR-EHR-SECTION.adhoc.v1 and name/value='Vital parameters']/items[openEHR-EHR-OBSERVATION.respiration.v2]","inputs":[],"formId":"pre-procurement-demo-dips/vital_parameters@Vital parameters/andning","viewConfig":{"multiplicity":{"min":1,"max":1},"advanced":{"hidden":false,"readonly":false,"hideFrame":false,"render":false},"label":{"custom":false,"useLocalizations":false},"size":{"field":"inherit","label":"inherit"},"layout":{"label":{"valign":"inherit","align":"inherit"},"field":{"valign":"inherit","align":"inherit"}},"annotations":{},"field":{}},"children":[{"name":"Time","localizedName":"Time","localizedNames":{"en":"*Time (en)","sv":"Time"},"localizedDescriptions":{},"rmType":"DV_DATE_TIME","min":0,"max":1,"aqlPath":"/content[openEHR-EHR-SECTION.adhoc.v1 and name/value='Vital parameters']/items[openEHR-EHR-OBSERVATION.respiration.v2]/data[at0001]/events[at0002]/time","inputs":[{"type":"DATETIME","listOpen":false}],"formId":"pre-procurement-demo-dips/vital_parameters@Vital parameters/andning/ospecificerad_händelse/time","viewConfig":{"multiplicity":{"min":0,"max":1},"advanced":{"hidden":true,"readonly":false,"hideFrame":false,"render":false},"label":{"custom":false,"useLocalizations":false},"size":{"field":"inherit","label":"inherit"},"layout":{"label":{"valign":"inherit","align":"inherit"},"field":{"valign":"inherit","align":"inherit"}},"annotations":{"calc":"$eventTime"},"field":{"input":{"hideTime":false,"dateFormat":"","hideDate":false}}}},{"name":"Förekomst","localizedName":"Förekomst","localizedNames":{"en":"Presence","sv":"Förekomst"},"localizedDescriptions":{"sv":"Observation av spontanandning.","en":"Observation of spontaneous respiration."},"rmType":"DV_CODED_TEXT","nodeId":"at0062","min":0,"max":1,"aqlPath":"/content[openEHR-EHR-SECTION.adhoc.v1 and name/value='Vital parameters']/items[openEHR-EHR-OBSERVATION.respiration.v2]/data[at0001]/events[at0002]/data[at0003]/items[at0062]/value","inputs":[{"suffix":"code","type":"CODED_TEXT","list":[{"value":"at0063","label":"Förekommer","ordinal":0,"localizedLabels":{"sv":"Förekommer","en":"Present"},"localizedDescriptions":{"sv":"Andningsrörelser observeras.","en":"Respiratory movements are observed."}},{"value":"at0064","label":"Ej möjlig att upptäcka","ordinal":0,"localizedLabels":{"sv":"Ej möjlig att upptäcka","en":"Not detected"},"localizedDescriptions":{"sv":"Andningsrörelser kan inte upptäckas genom observation.","en":"Respiratory movements are not detected on observation."}}],"defaultValue":"at0063","listOpen":false}],"formId":"pre-procurement-demo-dips/vital_parameters@Vital parameters/andning/ospecificerad_händelse/förekomst","viewConfig":{"multiplicity":{"min":0,"max":1},"advanced":{"hidden":false,"readonly":false,"hideFrame":false,"render":false},"label":{"custom":false,"useLocalizations":false},"size":{"field":"inherit","label":"inherit"},"layout":{"label":{"valign":"inherit","align":"inherit"},"field":{"valign":"inherit","align":"inherit"}},"annotations":{},"field":{"code":{"presentation":"combobox","columns":"2"}}}},{"name":"Frekvens","localizedName":"Frekvens","localizedNames":{"en":"Rate","sv":"Frekvens"},"localizedDescriptions":{"sv":"Spontanandningens frekvens.","en":"The frequency of spontaneous breathing."},"rmType":"DV_QUANTITY","nodeId":"at0004","min":0,"max":1,"aqlPath":"/content[openEHR-EHR-SECTION.adhoc.v1 and name/value='Vital parameters']/items[openEHR-EHR-OBSERVATION.respiration.v2]/data[at0001]/events[at0002]/data[at0003]/items[at0004]/value","inputs":[{"suffix":"magnitude","type":"DECIMAL","defaultValue":"","listOpen":false},{"suffix":"unit","type":"CODED_TEXT","list":[{"value":"/min","label":"/min","validation":{"range":{"minOp":">=","min":0.0,"maxOp":"<=","max":200.0},"precision":{"minOp":">=","min":0.0,"maxOp":"<=","max":0.0}},"ordinal":0,"localizedLabels":{},"localizedDescriptions":{}}],"listOpen":false}],"formId":"pre-procurement-demo-dips/vital_parameters@Vital parameters/andning/ospecificerad_händelse/frekvens","viewConfig":{"multiplicity":{"min":0,"max":1},"advanced":{"hidden":false,"readonly":false,"hideFrame":false,"render":false},"label":{"custom":false,"useLocalizations":false},"size":{"field":"inherit","label":"inherit"},"layout":{"label":{"valign":"inherit","align":"inherit"},"field":{"valign":"inherit","align":"inherit"}},"annotations":{},"field":{}}},{"name":"Tillfört syre","localizedName":"Tillfört syre","localizedNames":{"en":"Inspired oxygen","sv":"Tillfört syre"},"localizedDescriptions":{"sv":"Mängden syre som tillförs eller som ska tillföras patienten, angiven som andel, procent eller indirekt som en flödeshastighet.","en":"The amount of oxygen being delivered, or to be delivered, to the patient given as a fraction, percentage or indirectly as a flow rate."},"rmType":"CLUSTER","nodeId":"openEHR-EHR-CLUSTER.inspired_oxygen.v1","min":1,"max":1,"aqlPath":"/content[openEHR-EHR-SECTION.adhoc.v1 and name/value='Vital parameters']/items[openEHR-EHR-OBSERVATION.respiration.v2]/data[at0001]/events[at0002]/state[at0022]/items[openEHR-EHR-CLUSTER.inspired_oxygen.v1]","inputs":[],"formId":"pre-procurement-demo-dips/vital_parameters@Vital parameters/andning/ospecificerad_händelse/tillfört_syre","viewConfig":{"multiplicity":{"min":1,"max":1},"advanced":{"hidden":false,"readonly":false,"hideFrame":false,"render":false},"label":{"custom":false,"useLocalizations":false},"size":{"field":"inherit","label":"-1"},"layout":{"label":{"valign":"inherit","align":"inherit"},"field":{"valign":"inherit","align":"inherit"}},"annotations":{},"field":{},"tags":["HideLabel"]},"children":[{"name":"Enbart luft","localizedName":"Enbart luft","localizedNames":{"en":"On air","sv":"Enbart luft"},"localizedDescriptions":{"sv":"Patienten får luft motsvarande 21% eller 0,21 FiO₂ syrehalt och en flödeshastighet av 0 liter syre per minut.","en":"The patient is receiving air, equivalent to 21% O₂ or 0.21 FiO₂ and an oxygen flow rate of 0 litres per minute."},"rmType":"DV_BOOLEAN","nodeId":"at0057","min":0,"max":1,"aqlPath":"/content[openEHR-EHR-SECTION.adhoc.v1 and name/value='Vital parameters']/items[openEHR-EHR-OBSERVATION.respiration.v2]/data[at0001]/events[at0002]/state[at0022]/items[openEHR-EHR-CLUSTER.inspired_oxygen.v1]/items[at0057]/value","inputs":[{"type":"BOOLEAN","defaultValue":"False","listOpen":false}],"formId":"pre-procurement-demo-dips/vital_parameters@Vital parameters/andning/ospecificerad_händelse/tillfört_syre/enbart_luft","viewConfig":{"multiplicity":{"min":0,"max":1},"advanced":{"hidden":false,"readonly":false,"hideFrame":false,"render":false},"label":{"custom":false,"useLocalizations":false},"size":{"field":"inherit","label":"inherit"},"layout":{"label":{"valign":"inherit","align":"inherit"},"field":{"valign":"inherit","align":"inherit"}},"annotations":{"calc":"$onAir"},"field":{"input":{"threeState":false}}}},{"name":"Flödeshastighet","localizedName":"Flödeshastighet","localizedNames":{"en":"Flow rate","sv":"Flödeshastighet"},"localizedDescriptions":{"sv":"Flödeshastigheten för det syre som ges till en individ.","en":"Oxygen flow rate given to an individual."},"rmType":"DV_QUANTITY","nodeId":"at0051","min":0,"max":1,"aqlPath":"/content[openEHR-EHR-SECTION.adhoc.v1 and name/value='Vital parameters']/items[openEHR-EHR-OBSERVATION.respiration.v2]/data[at0001]/events[at0002]/state[at0022]/items[openEHR-EHR-CLUSTER.inspired_oxygen.v1]/items[at0051]/value","inputs":[{"suffix":"magnitude","type":"DECIMAL","defaultValue":"","listOpen":false},{"suffix":"unit","type":"CODED_TEXT","list":[{"value":"ml/min","label":"ml/min","validation":{"range":{"minOp":">=","min":0.0,"maxOp":"<=","max":50000.0},"precision":{"minOp":">=","min":2.0,"maxOp":"<=","max":2.0}},"ordinal":0,"localizedLabels":{},"localizedDescriptions":{}},{"value":"l/min","label":"l/min","validation":{"range":{"minOp":">=","min":0.0,"maxOp":"<=","max":50.0},"precision":{"minOp":">=","min":2.0,"maxOp":"<=","max":2.0}},"ordinal":0,"localizedLabels":{},"localizedDescriptions":{}}],"listOpen":false}],"formId":"pre-procurement-demo-dips/vital_parameters@Vital parameters/andning/ospecificerad_händelse/tillfört_syre/flödeshastighet","viewConfig":{"multiplicity":{"min":0,"max":1},"advanced":{"hidden":false,"readonly":false,"hideFrame":false,"render":false},"label":{"custom":false,"useLocalizations":false},"size":{"field":"inherit","label":"inherit"},"layout":{"label":{"valign":"inherit","align":"inherit"},"field":{"valign":"inherit","align":"inherit"}},"annotations":{"calc":"$flowRate"},"field":{}}}]}]},{"name":"Puls/Hjärtfrekvens","localizedName":"Puls/Hjärtfrekvens","localizedNames":{"en":"Pulse/Heart beat","sv":"Puls/Hjärtfrekvens"},"localizedDescriptions":{"sv":"*The rate and associated attributes for a pulse or heart beat. (en)","en":"The rate and associated attributes for a pulse or heart beat."},"rmType":"OBSERVATION","nodeId":"openEHR-EHR-OBSERVATION.pulse.v2","min":1,"max":1,"aqlPath":"/content[openEHR-EHR-SECTION.adhoc.v1 and name/value='Vital parameters']/items[openEHR-EHR-OBSERVATION.pulse.v2]","inputs":[],"formId":"pre-procurement-demo-dips/vital_parameters@Vital parameters/puls_hjärtfrekvens","viewConfig":{"multiplicity":{"min":1,"max":1},"advanced":{"hidden":false,"readonly":false,"hideFrame":false,"render":false},"label":{"custom":false,"useLocalizations":false},"size":{"field":"inherit","label":"inherit"},"layout":{"label":{"valign":"inherit","align":"inherit"},"field":{"valign":"inherit","align":"inherit"}},"annotations":{},"field":{}},"children":[{"name":"Time","localizedName":"Time","localizedNames":{"en":"*Time (en)","sv":"Time"},"localizedDescriptions":{},"rmType":"DV_DATE_TIME","min":0,"max":1,"aqlPath":"/content[openEHR-EHR-SECTION.adhoc.v1 and name/value='Vital parameters']/items[openEHR-EHR-OBSERVATION.pulse.v2]/data[at0002]/events[at0003]/time","inputs":[{"type":"DATETIME","listOpen":false}],"formId":"pre-procurement-demo-dips/vital_parameters@Vital parameters/puls_hjärtfrekvens/ospecificerad_händelse/time","viewConfig":{"multiplicity":{"min":0,"max":1},"advanced":{"hidden":true,"readonly":false,"hideFrame":false,"render":false},"label":{"custom":false,"useLocalizations":false},"size":{"field":"inherit","label":"inherit"},"layout":{"label":{"valign":"inherit","align":"inherit"},"field":{"valign":"inherit","align":"inherit"}},"annotations":{"calc":"$eventTime"},"field":{"input":{"hideTime":false,"dateFormat":"","hideDate":false}}}},{"name":"Frekvens","localizedName":"Frekvens","localizedNames":{"en":"Rate","sv":"Frekvens"},"localizedDescriptions":{"sv":"*The rate of the pulse or heart beat, measured in beats per minute. (en)","en":"The rate of the pulse or heart beat, measured in beats per minute."},"rmType":"DV_QUANTITY","nodeId":"at0004","min":0,"max":1,"aqlPath":"/content[openEHR-EHR-SECTION.adhoc.v1 and name/value='Vital parameters']/items[openEHR-EHR-OBSERVATION.pulse.v2]/data[at0002]/events[at0003]/data[at0001]/items[at0004]/value","inputs":[{"suffix":"magnitude","type":"DECIMAL","defaultValue":"","listOpen":false},{"suffix":"unit","type":"CODED_TEXT","list":[{"value":"/min","label":"/min","validation":{"range":{"minOp":">=","min":0.0,"maxOp":"<","max":1000.0},"precision":{"minOp":">=","min":0.0,"maxOp":"<=","max":0.0}},"ordinal":0,"localizedLabels":{},"localizedDescriptions":{}}],"listOpen":false}],"formId":"pre-procurement-demo-dips/vital_parameters@Vital parameters/puls_hjärtfrekvens/ospecificerad_händelse/frekvens","viewConfig":{"multiplicity":{"min":0,"max":1},"advanced":{"hidden":false,"readonly":false,"hideFrame":false,"render":false},"label":{"custom":false,"useLocalizations":false},"size":{"field":"inherit","label":"inherit"},"layout":{"label":{"valign":"inherit","align":"inherit"},"field":{"valign":"inherit","align":"inherit"}},"annotations":{},"field":{}}},{"name":"Regelbunden","localizedName":"Regelbunden","localizedNames":{"en":"Regularity","sv":"Regelbunden"},"localizedDescriptions":{"sv":"Regelbunden puls eller regelbundna hjärtslag","en":"Regularity of the pulse or heart beat."},"rmType":"DV_CODED_TEXT","nodeId":"at0005","min":0,"max":1,"aqlPath":"/content[openEHR-EHR-SECTION.adhoc.v1 and name/value='Vital parameters']/items[openEHR-EHR-OBSERVATION.pulse.v2]/data[at0002]/events[at0003]/data[at0001]/items[at0005]/value","inputs":[{"suffix":"code","type":"CODED_TEXT","list":[{"value":"at0006","label":"Regelbunden","ordinal":0,"localizedLabels":{"sv":"Regelbunden","en":"Regular"},"localizedDescriptions":{"sv":"Mönstret är regelbundet.","en":"The pattern is regular."}},{"value":"at1028","label":"Oregelbunden","ordinal":0,"localizedLabels":{"sv":"Oregelbunden","en":"Irregular"},"localizedDescriptions":{"sv":"Mönstret är oregelbundet.","en":"The pattern is irregular."}}],"listOpen":false}],"formId":"pre-procurement-demo-dips/vital_parameters@Vital parameters/puls_hjärtfrekvens/ospecificerad_händelse/regelbunden","viewConfig":{"multiplicity":{"min":0,"max":1},"advanced":{"hidden":false,"readonly":false,"hideFrame":false,"render":false},"label":{"custom":false,"useLocalizations":false},"size":{"field":"inherit","label":"inherit"},"layout":{"label":{"valign":"inherit","align":"inherit"},"field":{"valign":"inherit","align":"inherit"}},"annotations":{},"field":{"code":{"presentation":"radios","columns":"2"}}}},{"name":"Oregelbunden typ","localizedName":"Oregelbunden typ","localizedNames":{"en":"Irregular type","sv":"Oregelbunden typ"},"localizedDescriptions":{"sv":"Ett mer specifikt mönster av oregelbunden puls eller oregelbundna hjärtslag.","en":"More specific pattern of an irregular pulse or heart beat."},"rmType":"DV_CODED_TEXT","nodeId":"at1055","min":0,"max":1,"aqlPath":"/content[openEHR-EHR-SECTION.adhoc.v1 and name/value='Vital parameters']/items[openEHR-EHR-OBSERVATION.pulse.v2]/data[at0002]/events[at0003]/data[at0001]/items[at1055]/value","inputs":[{"suffix":"code","type":"CODED_TEXT","list":[{"value":"at0007","label":"Regelbundet oregelbunden","ordinal":0,"localizedLabels":{"sv":"Regelbundet oregelbunden","en":"Regularly Irregular"},"localizedDescriptions":{"sv":"Mönstret är oregelbundet i ett regelbundet mönster, exempelvis ett överhoppat hjärtslag var N:te slag.","en":"The pattern is irregular in a regular pattern,. For example, a dropped beat once every 'n' beats."}},{"value":"at0008","label":"Oregelbundet oregelbunden","ordinal":0,"localizedLabels":{"sv":"Oregelbundet oregelbunden","en":"Irregularly Irregular"},"localizedDescriptions":{"sv":"Mönstret är oregelbundet på ett kaotiskt och oförutsägbart sätt, exempelvis förmaksflimmer.","en":"The pattern is irregular in a chaotic and unpredictable manner. For example, atrial fibrillation."}}],"listOpen":false}],"formId":"pre-procurement-demo-dips/vital_parameters@Vital parameters/puls_hjärtfrekvens/ospecificerad_händelse/oregelbunden_typ","viewConfig":{"multiplicity":{"min":0,"max":1},"advanced":{"hidden":false,"readonly":false,"hideFrame":false,"render":false},"label":{"custom":false,"useLocalizations":false},"size":{"field":"inherit","label":"inherit"},"layout":{"label":{"valign":"inherit","align":"inherit"},"field":{"valign":"inherit","align":"inherit"}},"annotations":{},"field":{"code":{"presentation":"radios","columns":"2"}}}},{"name":"Kroppsställning","localizedName":"Kroppsställning","localizedNames":{"en":"Position","sv":"Kroppsställning"},"localizedDescriptions":{"sv":"Patientens kroppsställning under observationen.","en":"The body position of the subject during the observation."},"rmType":"DV_CODED_TEXT","nodeId":"at0013","min":0,"max":1,"aqlPath":"/content[openEHR-EHR-SECTION.adhoc.v1 and name/value='Vital parameters']/items[openEHR-EHR-OBSERVATION.pulse.v2]/data[at0002]/events[at0003]/state[at0012]/items[at0013]/value","inputs":[{"suffix":"code","type":"CODED_TEXT","list":[{"value":"at1003","label":"Stående eller upprätt","ordinal":0,"localizedLabels":{"sv":"Stående eller upprätt","en":"Standing/upright"},"localizedDescriptions":{"sv":"Patienten stod, gick eller sprang.","en":"The subject was standing, walking or running."}},{"value":"at1001","label":"Sittande","ordinal":0,"localizedLabels":{"sv":"Sittande","en":"Sitting"},"localizedDescriptions":{"sv":"Patienten satt, exempelvis på en säng eller en stol.","en":"The subject was sitting (for example on bed or chair)."}},{"value":"at1002","label":"Halvliggande","ordinal":0,"localizedLabels":{"sv":"Halvliggande","en":"Reclining"},"localizedDescriptions":{"sv":"Patienten låg i ungefär 45 graders vinkel, med benen upphöjda till bäckennivå.","en":"The subject was reclining at an approximate angle of 45 degrees, with the legs elevated to the level of the pelvis."}},{"value":"at1000","label":"Liggande","ordinal":0,"localizedLabels":{"sv":"Liggande","en":"Lying"},"localizedDescriptions":{"sv":"Patienten låg plant.","en":"The subject was lying flat."}}],"listOpen":false}],"formId":"pre-procurement-demo-dips/vital_parameters@Vital parameters/puls_hjärtfrekvens/ospecificerad_händelse/kroppsställning","viewConfig":{"multiplicity":{"min":0,"max":1},"advanced":{"hidden":false,"readonly":false,"hideFrame":false,"render":false},"label":{"custom":false,"useLocalizations":false},"size":{"field":"inherit","label":"inherit"},"layout":{"label":{"valign":"inherit","align":"inherit"},"field":{"valign":"inherit","align":"inherit"}},"annotations":{},"field":{"code":{"presentation":"combobox","columns":"1"}}}},{"name":"Metod","localizedName":"Metod","localizedNames":{"en":"Method","sv":"Metod"},"localizedDescriptions":{"sv":"Metod som används för att observera pulsen eller hjärtslagen.","en":"Method used to observe the pulse or heart beat."},"rmType":"DV_CODED_TEXT","nodeId":"at1019","min":0,"max":1,"aqlPath":"/content[openEHR-EHR-SECTION.adhoc.v1 and name/value='Vital parameters']/items[openEHR-EHR-OBSERVATION.pulse.v2]/protocol[at0010]/items[at1019]/value","inputs":[{"suffix":"code","type":"CODED_TEXT","list":[{"value":"at1032","label":"Palpation","ordinal":0,"localizedLabels":{"sv":"Palpation","en":"Palpation"},"localizedDescriptions":{"sv":"Läkare eller sjuksköterska observerar fynden genom fysisk beröring av patienten.","en":"The findings are observed by physical touch of the observer on the subject."}},{"value":"at1033","label":"Auskultation","ordinal":0,"localizedLabels":{"sv":"Auskultation","en":"Auscultation"},"localizedDescriptions":{"sv":"Fynden observeras med ett hjälpmedel, exempelvis ett stetoskop.","en":"The findings are observed with the assistance of a device, such as a stethoscope."}},{"value":"at1034","label":"Automatisk, icke-invasiv","ordinal":0,"localizedLabels":{"sv":"Automatisk, icke-invasiv","en":"Automatic, non-invasive"},"localizedDescriptions":{"sv":"Fynden observeras icke-invasivt med hjälp av utrustning såsom en pulsoximeter eller ett stetoskop.","en":"The findings are observed non-invasively using a device such as a pulse oximeter or a stethoscope."}},{"value":"at1050","label":"Automatisk, invasiv","ordinal":0,"localizedLabels":{"sv":"Automatisk, invasiv","en":"Automatic, invasive"},"localizedDescriptions":{"sv":"Fynden observeras invasivt med hjälp av utrustning såsom en arteriell kateter.","en":"The findings are observed invasively using a device such as an arterial catheter."}}],"listOpen":false}],"formId":"pre-procurement-demo-dips/vital_parameters@Vital parameters/puls_hjärtfrekvens/metod","viewConfig":{"multiplicity":{"min":0,"max":1},"advanced":{"hidden":false,"readonly":false,"hideFrame":false,"render":false},"label":{"custom":false,"useLocalizations":false},"size":{"field":"inherit","label":"inherit"},"layout":{"label":{"valign":"inherit","align":"inherit"},"field":{"valign":"inherit","align":"inherit"}},"annotations":{},"field":{"code":{"presentation":"combobox","columns":"4"}}}},{"name":"Lokalisation","localizedName":"Lokalisation","localizedNames":{"en":"Body site","sv":"Lokalisation"},"localizedDescriptions":{"sv":"Lokalisation där pulsen eller hjärtslagen observerades.","en":"Body site where the pulse or heart beat were observed."},"rmType":"ELEMENT","nodeId":"at1037","min":0,"max":1,"aqlPath":"/content[openEHR-EHR-SECTION.adhoc.v1 and name/value='Vital parameters']/items[openEHR-EHR-OBSERVATION.pulse.v2]/protocol[at0010]/items[at1037]","inputs":[],"formId":"pre-procurement-demo-dips/vital_parameters@Vital parameters/puls_hjärtfrekvens/lokalisation","viewConfig":{"multiplicity":{"min":0,"max":1},"advanced":{"hidden":false,"readonly":false,"hideFrame":false,"render":false},"label":{"custom":false,"useLocalizations":false},"size":{"field":"inherit","label":"inherit"},"layout":{"label":{"valign":"inherit","align":"inherit"},"field":{"valign":"inherit","align":"inherit"}},"annotations":{}},"children":[{"name":"Lokalisation","localizedName":"Lokalisation","localizedNames":{"en":"Body site","sv":"Lokalisation"},"localizedDescriptions":{"sv":"Lokalisation där pulsen eller hjärtslagen observerades.","en":"Body site where the pulse or heart beat were observed."},"rmType":"DV_CODED_TEXT","min":1,"max":1,"aqlPath":"/content[openEHR-EHR-SECTION.adhoc.v1 and name/value='Vital parameters']/items[openEHR-EHR-OBSERVATION.pulse.v2]/protocol[at0010]/items[at1037]/value","inputs":[{"suffix":"code","type":"CODED_TEXT","list":[{"value":"at1038","label":"Strålbensartär - Vänster","ordinal":0,"localizedLabels":{"sv":"Strålbensartär - Vänster","en":"Radial Artery - Left"},"localizedDescriptions":{"sv":"Vänster strålbensartär.","en":"The left radial artery."}},{"value":"at1039","label":"Strålbensartär - Höger","ordinal":0,"localizedLabels":{"sv":"Strålbensartär - Höger","en":"Radial Artery - Right"},"localizedDescriptions":{"sv":"Höger strålbensartär.","en":"The right radial artery."}},{"value":"at1040","label":"Hjärt","ordinal":0,"localizedLabels":{"sv":"Hjärt","en":"Heart"},"localizedDescriptions":{"sv":"Hjärttrakten.","en":"The region of the heart."}},{"value":"at1041","label":"Halsartär - Vänster","ordinal":0,"localizedLabels":{"sv":"Halsartär - Vänster","en":"Carotid Artery - Left"},"localizedDescriptions":{"sv":"Vänster halsartär.","en":"The left carotid artery."}},{"value":"at1042","label":"Halsartär - Höger","ordinal":0,"localizedLabels":{"sv":"Halsartär - Höger","en":"Carotid Artery - Right"},"localizedDescriptions":{"sv":"Höger halsartär.","en":"The right carotid artery."}},{"value":"at1043","label":"Lårbensartär - Vänster","ordinal":0,"localizedLabels":{"sv":"Lårbensartär - Vänster","en":"Femoral Artery - Left"},"localizedDescriptions":{"sv":"Vänster lårbensartär.","en":"The left femoral artery."}},{"value":"at1044","label":"Lårbensartär- Höger","ordinal":0,"localizedLabels":{"sv":"Lårbensartär- Höger","en":"Femoral Artery - Right"},"localizedDescriptions":{"sv":"Höger lårbensartär.","en":"The right femoral artery."}},{"value":"at1049","label":"Armartär - Höger","ordinal":0,"localizedLabels":{"sv":"Armartär - Höger","en":"Brachial artery - Right"},"localizedDescriptions":{"sv":"Höger armartär.","en":"The right brachial artery."}},{"value":"at1048","label":"Armartär - Vänster","ordinal":0,"localizedLabels":{"sv":"Armartär - Vänster","en":"Brachial artery - Left"},"localizedDescriptions":{"sv":"Vänster armartär.","en":"The left brachial artery."}},{"value":"at1047","label":"Finger","ordinal":0,"localizedLabels":{"sv":"Finger","en":"Finger"},"localizedDescriptions":{"sv":"Ett ospecificerat finger.","en":"An unspecified finger."}},{"value":"at1054","label":"Tå","ordinal":0,"localizedLabels":{"sv":"Tå","en":"Toe"},"localizedDescriptions":{"sv":"En ospecificerad tå.","en":"An unspecified toe."}},{"value":"at1051","label":"Örsnibb","ordinal":0,"localizedLabels":{"sv":"Örsnibb","en":"Ear lobe"},"localizedDescriptions":{"sv":"En ospecificerad örsnibb.","en":"The lobe of an unspecified ear."}}],"listOpen":false}],"formId":"pre-procurement-demo-dips/vital_parameters@Vital parameters/puls_hjärtfrekvens/lokalisation/value","viewConfig":{"multiplicity":{"min":1,"max":1},"advanced":{"hidden":false,"readonly":false,"hideFrame":false,"render":false},"label":{"custom":false,"useLocalizations":false},"size":{"field":"inherit","label":"inherit"},"layout":{"label":{"valign":"inherit","align":"inherit"},"field":{"valign":"inherit","align":"inherit"}},"annotations":{},"field":{"code":{"presentation":"combobox","columns":"12"}}}},{"name":"Lokalisation","localizedName":"Lokalisation","localizedNames":{"en":"Body site","sv":"Lokalisation"},"localizedDescriptions":{"sv":"Lokalisation där pulsen eller hjärtslagen observerades.","en":"Body site where the pulse or heart beat were observed."},"rmType":"DV_TEXT","min":1,"max":1,"aqlPath":"/content[openEHR-EHR-SECTION.adhoc.v1 and name/value='Vital parameters']/items[openEHR-EHR-OBSERVATION.pulse.v2]/protocol[at0010]/items[at1037]/value","inputs":[{"type":"TEXT","list":[],"listOpen":false}],"formId":"pre-procurement-demo-dips/vital_parameters@Vital parameters/puls_hjärtfrekvens/lokalisation/value2","viewConfig":{"multiplicity":{"min":1,"max":1},"advanced":{"hidden":false,"readonly":false,"hideFrame":false,"render":false},"label":{"custom":false,"useLocalizations":false},"size":{"field":"inherit","label":"inherit"},"layout":{"label":{"valign":"inherit","align":"inherit"},"field":{"valign":"inherit","align":"inherit"}},"datasource":{"loadRemote":false,"parameters":{}},"annotations":{},"field":{"lines":null,"input":{},"formatting":null}}}]}]}]}]},{"name":"Spacer","localizedName":"","localizedNames":{"sv":"","en":"* (en)"},"localizedDescriptions":{},"rmType":"GENERIC_SPACER","min":0,"max":1,"inputs":[],"formId":"generic-field-11437","viewConfig":{"annotations":{},"field":{"height":30,"input":{"height":30}}}},{"name":"Fieldset","localizedName":"Fieldset","localizedNames":{"en":"*Fieldset (en)","sv":"Fieldset"},"localizedDescriptions":{},"rmType":"GENERIC_FIELDSET","min":0,"max":1,"inputs":[],"formId":"generic-field-03350","viewConfig":{"multiplicity":{"min":0,"max":1},"advanced":{"hidden":false,"readonly":false,"hideFrame":false,"render":false},"label":{"custom":false,"useLocalizations":false},"size":{"field":"inherit","label":"-1"},"layout":{"label":{"valign":"inherit","align":"inherit"},"field":{"valign":"inherit","align":"inherit"}},"annotations":{},"field":{"formId":null,"name":null},"tags":["HideLabel"]},"children":[{"name":"Start time","localizedName":"Start time","localizedNames":{"en":"*Start time (en)","sv":"Start time"},"localizedDescriptions":{},"rmType":"DV_DATE_TIME","min":0,"max":1,"aqlPath":"/context/start_time","inputs":[{"type":"DATETIME","listOpen":false}],"formId":"pre-procurement-demo-dips/start_time","viewConfig":{"multiplicity":{"min":0,"max":1},"advanced":{"hidden":false,"readonly":false,"hideFrame":false,"render":false},"label":{"custom":false,"useLocalizations":false},"size":{"field":"inherit","label":"inherit"},"layout":{"label":{"valign":"inherit","align":"inherit"},"field":{"valign":"inherit","align":"inherit"}},"annotations":{"templateVariable":"[Sys.Now]","calcId":"eventTime"},"field":{"input":{"hideTime":false,"dateFormat":"","hideDate":false}}}},{"name":"End time","localizedName":"End time","localizedNames":{"en":"*End time (en)","sv":"End time"},"localizedDescriptions":{},"rmType":"DV_DATE_TIME","min":0,"max":1,"aqlPath":"/context/end_time","inputs":[{"type":"DATETIME","listOpen":false}],"formId":"pre-procurement-demo-dips/end_time","viewConfig":{"multiplicity":{"min":0,"max":1},"advanced":{"hidden":false,"readonly":false,"hideFrame":false,"render":false},"label":{"custom":false,"useLocalizations":false},"size":{"field":"inherit","label":"inherit"},"layout":{"label":{"valign":"inherit","align":"inherit"},"field":{"valign":"inherit","align":"inherit"}},"annotations":{"calcOnce":"duration_add(ISO8601DATETIME($eventTime), \"P0DT15M\")"},"field":{"input":{"hideTime":false,"dateFormat":"","hideDate":false}}}}]}]}